Family,Genus,Species,SpeciesAcro,MainCodeUSDA,UncertainId,CommonName,Comments,GrowthForm1,GrowthForm2,CultivatedOnly,EstabdInFL ,Native,PlantUse1,PlantUse2,PlantUse3,HabitatWeeds1,HabitatWeeds2,HabitatWeeds3,Location1,Location2,Location3,Location4,Location5,Location6,Status1,Status2,Sources,USDAaltCode1,USDAaltCode2,USDAaltCode3,USDAaltCode4
Acanthaceae,Asystasia,gangetica,AsyGan,ASGA2,NA,Chinese violet,NA,Herb,NA,N,1,0,Landsc,Weed,NA,L&L,NA,NA,B15N,NA,NA,NA,NA,NA,NA,NA,NA,NA,NA,NA,NA
Acanthaceae,Barleria,cristata,BarCri,BACR,NA,Crested Philippine violet,"Resembles Hamelia patens but no stipules, nodes wider than stem",Herb,Shrub,N,1,0,Ham,NA,NA,NA,NA,NA,Ham,B14H,NA,NA,NA,NA,NA,NA,NA,NA,NA,NA,NA
Acanthaceae,Dyschoriste,angusta,DysAng,DYAN,NA,NA,NA,NA,NA,N,1,1,Roc,NA,NA,NA,NA,NA,Roc,NA,NA,NA,NA,NA,NA,NA,[4only],NA,NA,NA,NA
Acanthaceae,Graptophyllum,pictum,GraPic,GRPI4,NA,Autograph plant,NA,Shrub,Tree,Y,1,0,Landsc,NA,NA,NA,NA,NA,8260,Tchng,NA,NA,NA,NA,1,AtTREC?,NA,NA,NA,NA,NA
Acanthaceae,Odontonema,cuspidatum [strictum],OdoStr,ODTU,NA,Fire spike,NA,Shrub,Tree,Y,1,0,Landsc,NA,NA,NA,NA,NA,8219,Hydrology,NA,NA,NA,NA,1,NA,NA,NA,NA,NA,NA
Acanthaceae,Ruellia,blechum,RueBle,RUBL3,NA,Green shrimp plant,NA,Herb,NA,N,1,0,Weed,NA,NA,L&L,NA,NA,WdDi,B14H,NWH,NA,NA,NA,NA,NA,[4also],NA,NA,NA,NA
Acanthaceae,Ruellia,ciliatiflora,RueCil,RUCI3,NA,NA,NA,Herb,NA,N,1,0,Weed,NA,NA,L&L,NA,NA,WdDi,B14H,NWH,NA,NA,NA,H,NA,[4also],NA,NA,NA,NA
Acanthaceae,Ruellia,simplex,RueSim,RUCA19,NA,NA,NA,Herb,Shrub,N,1,0,Landsc,NA,NA,NA,NA,NA,NA,NA,NA,NA,NA,NA,NA,NA,NA,NA,NA,NA,NA
Acanthaceae,Ruellia,succulenta,RueSuc,RUCAS7,NA,NA,NA,NA,NA,N,1,1,Roc,NA,NA,NA,NA,NA,Roc,NA,NA,NA,NA,NA,NA,NA,[4only],NA,NA,NA,NA
Adiantaceae,Pityrogramma,trifoliata,PtyTri,NA,NA,Fern,NA,Herb,NA,N,1,1,Native,Weed,NA,G&P,NA,NA,NA,NA,NA,NA,NA,NA,H,NA,NA,NA,NA,NA,NA
Adoxaceae,Viburnum,awabuki,VibAwa,NA,NA,NA,NA,Shrub,Tree,Y,0,0,Landsc,NA,NA,NA,NA,NA,B12,8267,VergelHome,NA,NA,NA,NA,NA,NA,NA,NA,NA,NA
Adoxaceae,Viburnum,suspensum,VibSus,VISU3,NA,NA,NA,Shrub,NA,Y,0,0,Landsc,NA,NA,NA,NA,NA,8235,CentLabs,NA,NA,NA,NA,NA,NA,NA,NA,NA,NA,NA
Agavaceae,Agave,attenuata,AgaAtt,NA,Species,Agave,NA,Herb,Shrub,Y,0,0,Landsc,NA,NA,NA,NA,NA,B12,NA,NA,NA,NA,NA,NA,NA,NA,NA,NA,NA,NA
Agavaceae,Agave,sp. #1,AgaSp.1,NA,Species,Agave,"15-20 ft inflo, fls only near top",Shrub,NA,Y,0,0,Landsc,NA,NA,NA,NA,NA,8269,StuHsng,NA,NA,NA,NA,NA,NA,NA,NA,NA,NA,NA
Agavaceae,Agave,sp. #2,AgaSp.2,NA,Species,Agave,Variegated ,Shrub,NA,Y,0,0,Landsc,NA,NA,NA,NA,NA,8252,FrOfc,NA,NA,NA,NA,NA,NA,NA,NA,NA,NA,NA
Agavaceae,Agave,sp. #3,AgaSp.3,NA,Species,Agave,NA,Shrub,NA,Y,0,0,Landsc,NA,NA,NA,NA,NA,8252,FrOfc,NA,NA,NA,NA,NA,NA,NA,NA,NA,NA,NA
Agavaceae,Agave,sp. #4,AgaSp.4,NA,Species,Agave,NA,Shrub,NA,Y,0,0,Landsc,NA,NA,NA,NA,NA,8252,FrOfc,NA,NA,NA,NA,NA,NA,NA,NA,NA,NA,NA
Amaranthaceae,Achyranthes,aspera,AchAsp,ACAS,NA,NA,NA,Herb,NA,N,1,0,Weed,NA,NA,L&L,NA,NA,NA,NA,NA,NA,NA,NA,NA,NA,NA,ACASA,ACASP,NA,NA
Amaranthaceae,Amaranthus,blitum,AmaBli,AMBL2,NA,Purple amaranth ,NA,Herb,NA,N,1,0,Weed,NA,NA,L&L,G&P,NA,WdDi,B10,NA,NA,NA,NA,NA,NA,NA,AMBLE2,AMBLP,NA,NA
Amaranthaceae,Amaranthus,hybridus,AmaHyb,AMHY,NA,NA,NA,Herb,NA,N,1,0,Weed,NA,NA,Veg,NA,NA,WdDi,NA,NA,NA,NA,NA,PestHost,NA,NA,AMHY2,NA,NA,NA
Amaranthaceae,Amaranthus,polygonoides,AmaPol,AMPO,NA,NA,NA,Herb,NA,N,1,0,Weed,NA,NA,Veg,NA,NA,WdDi,NA,NA,NA,NA,NA,NA,NA,NA,NA,NA,NA,NA
Amaranthaceae,Amaranthus,spinosus,AmaSpi,AMSP,NA,Spiny amaranth,NA,Herb,NA,N,1,0,Weed,NA,NA,Veg,NA,NA,WdDi,NA,NA,NA,NA,NA,PestHost,NA,NA,NA,NA,NA,NA
Amaranthaceae,Amaranthus,viridis,AmaVir,AMVI,NA,Slender amaranth,NA,Herb,NA,N,1,0,Weed,NA,NA,L&L,NA,NA,B11,B10,B4,NA,NA,NA,NA,NA,NA,NA,NA,NA,NA
Amaranthaceae,Chenopodium,album,CheAlb,CHAL7,NA,NA,NA,Herb,NA,N,1,0,Weed,Veg,NA,NA,NA,NA,WdDi,NA,NA,NA,NA,NA,NA,NA,NA,CHALA,CHALM,CHALM2,NA
Amaryllidaceae,~Hemerocallus,NA,NA,NA,Family,Lily,NA,Herb,NA,Y,?,0,Landsc,NA,NA,NA,NA,NA,8216,PltClnc,NA,NA,NA,NA,NA,NA,NA,NA,NA,NA,NA
Amaryllidaceae,Crinum,asiaticum,CriAsi,CRAS6,NA,Swamp or spider lily,NA,Herb,NA,Y,1,0,Landsc,NA,NA,NA,NA,NA,8260,Tchng,NA,NA,NA,NA,NA,NA,NA,NA,NA,NA,NA
Anacardiaceae,Mangifera,indica,ManInd,MAIN3,NA,Mango,NA,Tree,NA,?,1,0,CropP,NA,NA,NA,NA,NA,WdDi,B14,B4,NA,NA,NA,NA,NA,[5],NA,NA,NA,NA
Anacardiaceae,Mangifera,odorata,ManOro,NA,NA,Kuwini,NA,Tree,NA,Y,0,0,CropP,NA,NA,NA,NA,NA,B14,NA,NA,NA,NA,NA,NA,NA,[5],NA,NA,NA,NA
Anacardiaceae,Mangifera,zeylanica,ManZey,NA,NA,NA,NA,Tree,NA,Y,0,0,CropP,NA,NA,NA,NA,NA,B14,NA,NA,NA,NA,NA,NA,NA,[5],NA,NA,NA,NA
Anacardiaceae,Metopium,toxiferum,MetTox,METO3,NA,NA,NA,Tree,Shrub,N,1,1,Roc,NA,NA,Roc,NA,NA,B14H,NA,NA,NA,NA,NA,NA,NA,[4also],NA,NA,NA,NA
Anacardiaceae,Rhus,copallinum,RhuCop,RHCO,NA,Winged sumac,NA,Shrub,Tree,N,1,1,Roc,NA,NA,Roc,NA,NA,B4,NA,NA,NA,NA,NA,NA,NA,[4also],RHCOC,RHCOL,RHCOL2,NA
Anacardiaceae,Schinus,terebinthifolius,SchTer,SCTE,NA,Brazilian peppertree,NA,Tree,NA,N,1,0,Weed,L&L,NA,Roc,Ham,NA,WdDi,B14H,NA,NA,NA,NA,NA,NA,[4also],SCTER2,NA,NA,NA
Anacardiaceae,Spondias ,cytherea/mombin,SpoSp.,NA,Species,NA,NA,Tree,NA,Y,0,0,CropP,Landsc,NA,NA,NA,NA,B15N#19H,NA,NA,NA,NA,NA,1?,NA,[1],NA,NA,NA,NA
Anacardiaceae,Spondias ,purpurea ,SpoPur,NA,NA,Purple mombin,NA,Tree,NA,Y,1,0,CropP,Landsc,NA,NA,NA,NA,B15,NA,NA,NA,NA,NA,NA,NA,[1],NA,NA,NA,NA
Anacardiaceae,Toxicodendron,radicans,ToxRad,TORA2,NA,Poison ivy,NA,Vine,NA,N,1,1,Ham,NA,NA,NA,NA,NA,B14H,NA,NA,NA,NA,NA,NA,NA,NA,TORAR,NA,NA,NA
Annonaceae,Annona,cherimola x squamosa,AnnCheXsqu,NA,NA,atemoya,NA,Tree,NA,Y,0,0,CropP,Landsc,NA,NA,NA,NA,B15S,NA,NA,NA,NA,NA,NA,NA,[1],NA,NA,NA,NA
Annonaceae,Annona,diversifolia,AnnDiv,NA,NA,Ilama,NA,Tree,NA,Y,0,0,CropP,Landsc,NA,NA,NA,NA,B15,B10,NA,NA,NA,NA,NA,NA,[1],NA,NA,NA,NA
Annonaceae,Annona,diversifolia x glabra,AnnDivXgla,NA,NA,NA,[A. diversifoia]/A. glabra,Tree,Shrub,Y,0,0,CropP,Landsc,NA,NA,NA,NA,B10,NA,NA,NA,NA,NA,NA,NA,[7],NA,NA,NA,NA
Annonaceae,Annona,glabra,AnnGla,ANGL4,NA,pond apple,NA,Tree,Shrub,N,1,1,CropP,Landsc,NA,NA,NA,NA,B10,NA,NA,NA,NA,NA,NA,NA,[7],NA,NA,NA,NA
Annonaceae,Annona,glabra x reticulata,AnnGlaXret,NA,NA,NA,[A. reticulata]/A. reticulata/A. glabra,Tree,Shrub,Y,0,0,CropP,Landsc,NA,NA,NA,NA,B10,NA,NA,NA,NA,NA,NA,NA,[7],NA,NA,NA,NA
Annonaceae,Annona,montana ,AnnMon,NA,NA,Mountain soursop,NA,Tree,NA,Y,0,0,CropP,Landsc,NA,NA,NA,NA,B15,NA,NA,NA,NA,NA,NA,NA,[1],NA,NA,NA,NA
Annonaceae,Annona,muricata,AnnMur,NA,NA,soursop,NA,Tree,NA,Y,0,0,CropP,Landsc,NA,NA,NA,NA,B15,NA,NA,NA,NA,NA,NA,NA,[1],NA,NA,NA,NA
Annonaceae,Annona,reticulata,AnnRet,NA,NA,custard apple,NA,Tree,NA,Y,0,0,CropP,Landsc,NA,NA,NA,NA,B15,B10,NA,NA,NA,NA,NA,NA,[1],NA,NA,NA,NA
Annonaceae,Annona,squamosa,AnnSqu,ANSQ,NA,sugar apple ,NA,Tree,NA,Y,1,0,CropP,Landsc,NA,NA,NA,NA,B15,NA,NA,NA,NA,NA,NA,NA,[1],NA,NA,NA,NA
Annonaceae,Rollinia ,deliciosa,RolDel,NA,NA,Biriba,NA,NA,NA,Y,0,0,CropP,Landsc,NA,NA,NA,NA,B15,B10,NA,NA,NA,NA,NA,NA,[1],NA,NA,NA,NA
Apiaceae,Centella,asiatica,CenAsi,CEAS,NA,Dollar weed,NA,Herb,NA,N,1,1,Weed,L&L,NA,NA,NA,NA,NA,NA,NA,NA,NA,NA,NA,NA,NA,CEER2,NA,NA,NA
Apiaceae,Cyclospermum [Apium],leptophyllum,CycLep,NA,NA,Marsh parsley; wild celery,NA,Herb,NA,N,1,0,Weed,L&L,NA,NA,NA,NA,WdDi,NA,NA,NA,NA,NA,NA,NA,NA,NA,NA,NA,NA
Apocynaceae,Allamanda,schottii,AllSch,NA,NA,NA,NA,Shrub,NA,Y,1,0,Landsc,NA,NA,NA,NA,NA,8260,Tchng,NA,NA,NA,NA,NA,NA,NA,NA,NA,NA,NA
Apocynaceae,Alstonia,macrophylla,AlsMac,ALMA16,NA,NA,NA,NA,NA,N,1,0,Roc,NA,NA,NA,NA,NA,Roc,NA,NA,NA,NA,NA,NA,NA,[4only],NA,NA,NA,NA
Apocynaceae,Asclepias,curassivica,AscCur,NA,NA,NA,Both red and yellow petaled forms have been found at TREC,Herb,NA,N,1,0,Landsc,NA,NA,NA,NA,NA,NA,NA,NA,NA,NA,NA,NA,NA,NA,NA,NA,NA,NA
Apocynaceae,Dipladenia,sanderi,DipSan,NA,NA,NA,NA,Vine,Herb,Y,0,0,Landsc,NA,NA,NA,NA,NA,B12,8211,DakNGnhs,NA,NA,NA,NA,NA,NA,NA,NA,NA,NA
Apocynaceae,Echites,umbellatus,EchUmb,ECUM2,NA,NA,S fence next to Roc (planted?),Vine,NA,N,1,1,Landsc,Roc,NA,NA,NA,NA,Sfence,NA,NA,NA,NA,NA,NA,NA,[4also],NA,NA,NA,NA
Apocynaceae,Metastelma,blodgettii,MetBlo,CYBL,NA,NA,NA,NA,NA,N,1,1,Roc,NA,NA,NA,NA,NA,Roc,NA,NA,NA,NA,NA,NA,NA,[4only],NA,NA,NA,NA
Apocynaceae,Plumeria,rubra,PluRub,NA,NA,NA,NA,Tree,Shrub,Y,0,0,Landsc,NA,NA,NA,NA,NA,NA,NA,NA,NA,NA,NA,NA,NA,NA,NA,NA,NA,NA
Araceae,Alocasia,zebrina,AloZeb,NA,Species,NA,NA,Herb,NA,Y,0,0,Landsc,NA,NA,NA,NA,NA,8252,FrOfc,NA,NA,NA,NA,NA,NA,NA,NA,NA,NA,NA
Araceae,Epipremnum,pinnatum,EpiPin,EPPI,NA,NA,NA,Vine,NA,N,1,0,Landsc,NA,NA,NA,NA,NA,NA,NA,NA,NA,NA,NA,NA,NA,NA,NA,NA,NA,NA
Araceae,Monstera,deliciosa,MonDel,MODE,NA,NA,NA,Shrub,Vine,?,1,0,Landsc,CropP,NA,NA,NA,NA,NA,NA,NA,NA,NA,NA,NA,NA,NA,NA,NA,NA,NA
Araceae,Philodendron,domesticum / hastatum,PhiSp.,NA,Species,NA,NA,Herb,NA,Y,0,0,Landsc,NA,NA,NA,NA,NA,NA,NA,NA,NA,NA,NA,NA,NA,NA,NA,NA,NA,NA
Araceae,Philodendron,erubescens,PhiEru,NA,NA,NA,"Creeping, elephant ears",Shrub,Herb,Y,0,0,Landsc,NA,NA,NA,NA,NA,8216,PltClnc,NA,NA,NA,NA,NA,NA,NA,NA,NA,NA,NA
Araceae,Philodendron,selloum,PhiSel,NA,NA,NA,NA,Shrub,Herb,?,0,0,Landsc,NA,NA,NA,NA,NA,NA,NA,NA,NA,NA,NA,NA,NA,NA,NA,NA,NA,NA
Araceae,Philodendron,bipinnifidum 'Xanadu',Phi'Xan',NA,NA,NA,Resembles immature P. selloum,Shrub,Herb,Y,0,0,Landsc,NA,NA,NA,NA,NA,8252,FrOfc,NA,NA,NA,NA,NA,NA,NA,NA,NA,NA,NA
Araceae,Syngonium,podophyllum,SynPod,SYPO,NA,NA,NA,Vine,Herb,N,1,0,Landsc,NA,NA,NA,NA,NA,NA,NA,NA,NA,NA,NA,NA,NA,NA,NA,NA,NA,NA
Araliaceae,Hydrocotyle,umbellata,HydUmb,HYUM,NA,Dollar weed,NA,Herb,NA,N,1,1,Weed,L&L,NA,NA,NA,NA,NA,NA,NA,NA,NA,NA,NA,NA,NA,NA,NA,NA,NA
Araliaceae,Schleffera,actinophylla,SchAct,NA,NA,NA,NA,Tree,Shrub,N,1,0,Weed,Landsc,NA,L&L,NA,NA,WdDi,B15,NA,NA,NA,NA,NA,NA,NA,NA,NA,NA,NA
Araliaceae,Schleffera,arboricola,SchArb,NA,NA,NA,NA,Tree,Shrub,?,1,0,Landsc,NA,NA,NA,NA,NA,NA,NA,NA,NA,NA,NA,NA,NA,NA,NA,NA,NA,NA
Araucariaceae,Araucaria,heterophylla,AraHet,ARHE12,NA,Norfolk island pine,NA,Tree,NA,Y,1,0,Landsc,NA,NA,NA,NA,NA,NA,NA,NA,NA,NA,NA,NA,NA,NA,NA,NA,NA,NA
Arecaceae,Acoelorathe,wrightii,AcoWri,NA,NA,NA,NA,Tree,Shrub,N,1,1,Landsc,NA,NA,NA,NA,NA,NA,NA,NA,NA,NA,NA,NA,NA,NA,NA,NA,NA,NA
Arecaceae,Acrocomia,sp.,AcrSp.,ACROC,Species,NA,NA,Tree,Shrub,?,1,0,Landsc,NA,NA,NA,NA,NA,8253,NA,NA,NA,NA,NA,1,NA,NA,NA,NA,NA,NA
Arecaceae,Attalia,crassispatha,AttCra,NA,NA,NA,NA,Tree,NA,Y,0,0,Landsc,NA,NA,NA,NA,NA,NA,NA,NA,NA,NA,NA,NA,NA,NA,NA,NA,NA,NA
Arecaceae,Attalia,speciosa,AttSpe,NA,Species,NA,NA,Tree,NA,Y,0,0,Landsc,NA,NA,NA,NA,NA,B16SE,B16c,8252,FrOfc,NA,NA,NA,NA,NA,NA,NA,NA,NA
Arecaceae,Bismarkia,nobilis,BisNob,NA,NA,NA,NA,Tree,NA,Y,0,0,Landsc,NA,NA,NA,NA,NA,NA,NA,NA,NA,NA,NA,NA,NA,NA,NA,NA,NA,NA
Arecaceae,Borassus,sp.,BorSp.,NA,Species,Sugar palm,NA,Tree,NA,Y,0,0,Landsc,NA,NA,NA,NA,NA,NA,NA,NA,NA,NA,NA,NA,NA,NA,NA,NA,NA,NA
Arecaceae,Carpenteria,acuminata,CarAcu,NA,NA,NA,NA,Tree,NA,Y,0,0,Landsc,NA,NA,NA,NA,NA,8252,FrOfc,NA,NA,NA,NA,NA,NA,NA,NA,NA,NA,NA
Arecaceae,Caryota,mitis,CarMit,NA,NA,NA,NA,Tree,NA,?,1,0,Landsc,NA,NA,NA,NA,NA,NA,NA,NA,NA,NA,NA,NA,NA,NA,NA,NA,NA,NA
Arecaceae,Chamaedorea,seifrizii,ChaSei,CHSE17,NA,Bamboo palm,NA,Shrub,NA,?,1,0,Landsc,NA,NA,NA,NA,NA,8267,VergelHome,NA,NA,NA,NA,NA,NA,NA,NA,NA,NA,NA
Arecaceae,Chamaerops,humilis,ChaHum,NA,NA,NA,NA,Tree,Shrub,Y,0,0,Landsc,NA,NA,NA,NA,NA,NA,NA,NA,NA,NA,NA,NA,NA,NA,NA,NA,NA,NA
Arecaceae,Chambeyronia,macrocarpa,ChaMac,NA,NA,NA,NA,Tree,NA,Y,0,0,NA,Landsc,NA,NA,NA,NA,NA,NA,NA,NA,NA,NA,NA,NA,NA,NA,NA,NA,NA
Arecaceae,Cocos,nucifera,CocNuc,CONU,NA,Coconut,NA,Tree,NA,N,1,1,Landsc,NA,NA,NA,NA,NA,B10,NA,NA,NA,NA,NA,NA,NA,NA,NA,NA,NA,NA
Arecaceae,Cocothrinax,argentata,CocArg,NA,NA,NA,Mislabeled Washingtonia,Tree,Shrub,N,1,1,Landsc,Roc,NA,NA,NA,NA,WdDi,NA,NA,NA,NA,NA,NA,NA,[4also],NA,NA,NA,NA
Arecaceae,Cocothrinax,crinita,CocCri,NA,Genus,NA,NA,Tree,Shrub,Y,0,0,Landsc,NA,NA,NA,NA,NA,B16e or f,8253,NA,NA,NA,NA,1?,NA,NA,NA,NA,NA,NA
Arecaceae,Copernicia,baileyana,CopBai,NA,NA,NA,NA,Tree,NA,Y,0,0,Landsc,NA,NA,NA,NA,NA,NA,NA,NA,NA,NA,NA,NA,NA,NA,NA,NA,NA,NA
Arecaceae,Copernicia,cowellii,CopCow,NA,Species,NA,NA,Tree,Shrub,Y,0,0,Landsc,NA,NA,NA,NA,NA,B12,8267,VergelHome,NA,NA,NA,NA,NA,NA,NA,NA,NA,NA
Arecaceae,Copernicia,fallense,CopFal,NA,NA,NA,NA,Tree,NA,Y,0,0,Landsc,NA,NA,NA,NA,NA,NA,NA,NA,NA,NA,NA,NA,NA,NA,NA,NA,NA,NA
Arecaceae,Copernicia,glabrescens,CopGla,NA,NA,NA,NA,Shrub,NA,Y,0,0,Landsc,NA,NA,NA,NA,NA,B16a,NA,NA,NA,NA,NA,NA,NA,NA,NA,NA,NA,NA
Arecaceae,Copernicia,hospita,CopSp.2,NA,Species,NA,Smaller copernicia ~ 10m SW of apparent C. baileyana; gen'l resemblance to internet photos,Tree,NA,Y,0,0,Landsc,NA,NA,NA,NA,NA,B16e,NA,NA,NA,NA,NA,NA,NA,NA,NA,NA,NA,NA
Arecaceae,Copernicia,sp.,CopSp.1,NA,Species,NA,NA,Tree,NA,Y,0,0,Landsc,NA,NA,NA,NA,NA,B16e,NA,NA,NA,NA,NA,NA,NA,NA,NA,NA,NA,NA
Arecaceae,NA,sp.,NA,NA,Genus,NA,"Very stout trunk (3' + wide), long, divided, petioles w/lateral spines; costapalmate",Tree,NA,Y,0,0,Landsc,NA,NA,NA,NA,NA,B16e,NA,NA,NA,NA,NA,1,NA,NA,NA,NA,NA,NA
Arecaceae,Corypha,sp.,CorSp.1,NA,Species,NA,"No lateral inflos., giant!",Tree,NA,Y,0,0,Landsc,NA,NA,NA,NA,NA,NA,NA,NA,NA,NA,NA,1,NA,NA,NA,NA,NA,NA
Arecaceae,Cryosophila,sp.,CrySp.,NA,Genus,Root spine palm,Fan palm with spines on trunk,Tree,Shrub,Y,0,0,Landsc,NA,NA,NA,NA,NA,8253,NA,NA,NA,NA,NA,1,NA,NA,NA,NA,NA,NA
Arecaceae,Dictyosperma ,album,DicAlb,NA,NA,NA,NA,Tree,NA,Y,0,0,Landsc,NA,NA,NA,NA,NA,B16d,NA,NA,NA,NA,NA,NA,NA,NA,NA,NA,NA,NA
Arecaceae,Dypsis,cabidae,DypCab,NA,NA,NA,NA,Tree,Shrub,Y,0,0,Landsc,NA,NA,NA,NA,NA,B16d,NA,NA,NA,NA,NA,NA,NA,NA,NA,NA,NA,NA
Arecaceae,Dypsis,decaryi,DypDec,NA,NA,NA,NA,Tree,NA,Y,0,0,Landsc,NA,NA,NA,NA,NA,NA,NA,NA,NA,NA,NA,NA,NA,NA,NA,NA,NA,NA
Arecaceae,Dypsis,lutescens,DypLut,DYLU,Genus,NA,NA,Tree,Shrub,?,1,0,Landsc,NA,NA,NA,NA,NA,B16d,NA,NA,NA,NA,NA,NA,NA,NA,NA,NA,NA,NA
Arecaceae,Elaeis,guinensis,ElaGui,NA,NA,African oil palm,NA,Tree,NA,Y,1,0,Landsc,NA,NA,NA,NA,NA,NA,NA,NA,NA,NA,NA,NA,NA,NA,NA,NA,NA,NA
Arecaceae,Heterospathe,elata,HetEla,NA,NA,NA,Along S. fence,Tree,NA,Y,0,0,Landsc,NA,NA,NA,NA,NA,B16d,NA,NA,NA,NA,NA,NA,NA,NA,NA,NA,NA,NA
Arecaceae,Hyophorbe,langenocaulis,HyoLan,NA,NA,NA,NA,Tree,NA,Y,0,0,Landsc,NA,NA,NA,NA,NA,NA,NA,NA,NA,NA,NA,NA,NA,NA,NA,NA,NA,NA
Arecaceae,Hyophorbe,verschaffeltii,HyoVer,NA,NA,NA,NA,Tree,NA,Y,0,0,Landsc,NA,NA,NA,NA,NA,NA,NA,NA,NA,NA,NA,NA,NA,NA,NA,NA,NA,NA
Arecaceae,Hyphaene,coriacea,HypSp.,NA,Species,NA,NA,Tree,NA,Y,0,0,Landsc,NA,NA,NA,NA,NA,8223,EastLabs,NA,NA,NA,NA,NA,NA,NA,NA,NA,NA,NA
Arecaceae,Latania,lontaroides,LatLon,NA,NA,NA,Along S. fence,Tree,NA,Y,0,0,Landsc,NA,NA,NA,NA,NA,B16d,NA,NA,NA,NA,NA,NA,NA,NA,NA,NA,NA,NA
Arecaceae,Leucothrinax,morrisi,ThrMor,NA,NA,NA,NA,Tree,Shrub,?,1,1,Landsc,NA,NA,NA,NA,NA,NA,NA,NA,NA,NA,NA,NA,NA,NA,NA,NA,NA,NA
Arecaceae,Livistonia,chinensis,LivChi,NA,NA,NA,NA,Tree,Shrub,N,1,0,Landsc,NA,NA,NA,NA,NA,B12,8269,StuHsng,NA,NA,NA,NA,NA,NA,NA,NA,NA,NA
Arecaceae,Livistonia,Mariae,LivMar,NA,Species,Red cabbage palm,NA,Tree,Shrub,Y,0,0,Landsc,NA,NA,NA,NA,NA,B16d,B16SC,B16e ,B16SW,NA,NA,NA,NA,NA,NA,NA,NA,NA
Arecaceae,Phoenix,canariensis,PhoCan,PHCA13,NA,NA,NA,Tree,NA,?,0,0,Landsc,NA,NA,NA,NA,NA,NA,NA,NA,NA,NA,NA,NA,NA,NA,NA,NA,NA,NA
Arecaceae,Phoenix,reclinata,PhoRec,PHRE,NA,NA,NA,Tree,NA,N,1,0,Landsc,Weed,NA,L&L,NA,NA,WdDi,B14H?,B11,NA,NA,NA,NA,NA,NA,NA,NA,NA,NA
Arecaceae,Phoenix,roebellini,PhoRoe,NA,NA,NA,NA,Tree,Shrub,Y,0,0,Landsc,NA,NA,NA,NA,NA,NA,NA,NA,NA,NA,NA,NA,NA,NA,NA,NA,NA,NA
Arecaceae,Phoenix,dactylifera/sylvestris,PhoSp.,NA,Species,Date palm,"""Phoenix sp. 1""",Tree,NA,Y,?,0,Landsc,NA,NA,NA,NA,NA,8216,PltClnc,B16c(SE),NA,NA,NA,1?,NA,NA,NA,NA,NA,NA
Arecaceae,Phoenix,sp.,PhoSp.,PHOEN2,Species,NA,"""Phoenix sp. 2""; Very two-ranked (non-cylindrical) leaflets ",Tree,NA,Y,0,0,Landsc,NA,NA,NA,NA,NA,8252,FrOfc,NA,NA,NA,NA,NA,NA,NA,NA,NA,NA,NA
Arecaceae,Pseudophoenix,lediniana,PseLed,NA,NA,NA,NA,Tree,NA,Y,0,0,Landsc,NA,NA,NA,NA,NA,NA,NA,NA,NA,NA,NA,NA,NA,NA,NA,NA,NA,NA
Arecaceae,Ptychosperma,sp.,PtySp.,PTYCH4,Species,NA,Multi-trunked (not P.elegans),Tree,NA,Y,?,0,Landsc,NA,NA,NA,NA,NA,NA,NA,NA,NA,NA,NA,NA,NA,NA,NA,NA,NA,NA
Arecaceae,Raphis,excelsa,RapExc,NA,NA,NA,NA,Tree,Shrub,Y,0,0,Landsc,NA,NA,NA,NA,NA,NA,NA,NA,NA,NA,NA,NA,NA,NA,NA,NA,NA,NA
Arecaceae,Roystonea,regia,RoyReg,RORE2,NA,NA,NA,Tree,NA,N,1,1,Landsc,NA,NA,NA,NA,NA,WdDi,NA,NA,NA,NA,NA,NA,NA,NA,NA,NA,NA,NA
Arecaceae,Sabal,causiarum,SabCau,NA,NA,NA,Lateral inflos.,Tree,NA,Y,0,0,Landsc,NA,NA,NA,NA,NA,NA,NA,NA,NA,NA,NA,NA,NA,NA,NA,NA,NA,NA
Arecaceae,Sabal,etonia,SabEto,SAET,NA,NA,NA,Tree,Shrub,N,1,1,Roc,NA,NA,NA,NA,NA,Roc,NA,NA,NA,NA,NA,NA,NA,[4only],NA,NA,NA,NA
Arecaceae,Sabal,mauritiiformis,SabMau,NA,NA,NA,Lateral inflos.,Tree,NA,Y,0,0,Landsc,NA,NA,NA,NA,NA,NA,NA,NA,NA,NA,NA,NA,NA,NA,NA,NA,NA,NA
Arecaceae,Sabal,minor,SabMin,SAMI8,NA,NA,NA,Shrub,NA,N,1,1,Landsc,Native,NA,NA,NA,NA,8235,CentLabs,NA,NA,NA,NA,NA,NA,NA,NA,NA,NA,NA
Arecaceae,Sabal,palmetto,SabPal,SAPA,NA,NA,NA,Tree,Shrub,N,1,1,Roc,NA,NA,NA,NA,NA,Roc,NA,NA,NA,NA,NA,NA,NA,[4also],NA,NA,NA,NA
Arecaceae,Satakentia,liukiuensis,SatLiu,NA,NA,NA,NA,Tree,NA,Y,0,0,Landsc,NA,NA,NA,NA,NA,8221,Library,NA,NA,NA,NA,NA,NA,NA,NA,NA,NA,NA
Arecaceae,Serenoa,repens,SerRep,SERE2,NA,Palmetto,NA,Shrub,NA,N,1,1,Roc,NA,NA,NA,NA,NA,B13,Roc,8252,FrOfc,8253,Breezeway,NA,NA,[4also],SEREN,NA,NA,NA
Arecaceae,Syagrus,romanzoffiana,SyaRom,SYRO4,NA,NA,NA,Tree,NA,?,1,0,Landsc,NA,NA,NA,NA,NA,NA,NA,NA,NA,NA,NA,NA,NA,NA,NA,NA,NA,NA
Arecaceae,Syagrus,sp.,SyaSp.,SYAGR,Species,NA,NA,Tree,NA,Y,0,0,Landsc,NA,NA,NA,NA,NA,8219,Hydrology,NA,NA,NA,NA,NA,NA,NA,NA,NA,NA,NA
Arecaceae,Thrinax,radiata,ThrRad,THRA2,NA,NA,NA,Tree,Shrub,?,1,1,Landsc,NA,NA,NA,NA,NA,NA,NA,NA,NA,NA,NA,NA,NA,NA,NA,NA,NA,NA
Arecaceae,Veitchia,arecina,VeiAre,NA,NA,NA,NA,Tree,NA,?,0,0,Landsc,NA,NA,NA,NA,NA,8219,Hydrology,NA,NA,NA,NA,NA,NA,NA,NA,NA,NA,NA
Arecaceae,Veitchia,merrilli,VeiMer,NA,NA,NA,NA,Tree,NA,Y,0,0,Landsc,NA,NA,NA,NA,NA,8267,VergelHome,NA,NA,NA,NA,NA,NA,NA,NA,NA,NA,NA
Arecaceae,Washingtonia,robusta,WasRob,WARO,NA,NA,Tallest palm at TREC,Tree,NA,N,1,0,Landsc,NA,NA,NA,NA,NA,NA,NA,NA,NA,NA,NA,NA,NA,NA,NA,NA,NA,NA
Arecaceae,Woodyetia,bifurcata,WooBif,NA,NA,NA,NA,Tree,NA,?,0,0,Landsc,NA,NA,NA,NA,NA,B12NE,NA,NA,NA,NA,NA,NA,NA,NA,NA,NA,NA,NA
Arecaceae,Zombia,antillarum,ZomAnt,NA,NA,NA,NA,Tree,NA,Y,0,0,Landsc,NA,NA,NA,NA,NA,8252,FrOfc,NA,NA,NA,NA,NA,NA,NA,NA,NA,NA,NA
Asparagaceae,Asparagus,aethiopicus,AspAet,ASAE3,NA,Asparagus fern,cv 'Myers'?,Herb,NA,N,1,0,Landsc,NA,NA,NA,NA,NA,8252,FrOfc,NA,NA,NA,NA,NA,NA,NA,NA,NA,NA,NA
Asparagaceae,Beaucarnea,recurvata,BeaRec,NA,NA,NA,NA,Tree,Shrub,Y,0,0,Landsc,NA,NA,NA,NA,NA,8256,Ento,8267,VergelHome,NA,NA,NA,NA,NA,NA,NA,NA,NA
Asparagaceae,Cordyline,terminalis/fruiticosa,CorSp.2,NA,Species,Ti plant,Purple and green/yellow varieties,Shrub,Herb,Y,0,0,Landsc,NA,NA,NA,NA,NA,8253,8256,8257,NA,NA,NA,NA,NA,NA,NA,NA,NA,NA
Asparagaceae,Dracaena,~fragrans,DraSp.,NA,Species,NA,NA,Herb,Shrub,Y,0,0,Landsc,NA,NA,NA,NA,NA,8211,DakNGnhs,B15N#2b,NA,NA,NA,NA,NA,NA,NA,NA,NA,NA
Asparagaceae,Dracaena,marginata,DraMar,NA,NA,NA,NA,Shrub,Herb,Y,0,0,Landsc,NA,NA,NA,NA,NA,8221,Library,8267?,VergelHome?,NA,NA,NA,NA,NA,NA,NA,NA,NA
Asparagaceae,Ophiopogon,japonicum,OphJap,NA,NA,NA,NA,Herb,NA,?,0,0,Landsc,NA,NA,NA,NA,NA,NA,NA,NA,NA,NA,NA,NA,NA,NA,NA,NA,NA,NA
Asphodelaceae,Aloe,sp.,AloSp.,NA,Species,Aloe,In large containers; Check,Herb,NA,?,?,0,Landsc,NA,NA,NA,NA,NA,B12,PlantPads,NA,NA,NA,NA,NA,NA,NA,NA,NA,NA,NA
Asphodelaceae,Bulbine ,frutescens,BulFru,NA,NA,NA,"6-12 in lvs, yellow fls",Herb,NA,?,1,0,Landsc,NA,NA,NA,NA,NA,8216,PltClnc,8252,FrOfc,NA,NA,NA,NA,NA,NA,NA,NA,NA
Asteraceae,Ageratum,houstonianum,AgeHou,AGHO3,NA,NA,NA,Herb,NA,N,1,0,Weed,NA,NA,Veg,NA,NA,WdDi,NA,NA,NA,NA,NA,P,NA,NA,NA,NA,NA,NA
Asteraceae,Ambrosia,artemisifolia,AmbArt,NA,NA,Ragweed,NA,Herb,NA,N,1,1,Weed,NA,NA,Veg,NA,NA,WdDi,B14H,NA,NA,NA,NA,NA,NA,[4also],NA,NA,NA,NA
Asteraceae,Baccharis,sp.,BacSp.,BACCH,Species,NA,NA,Tree,Shrub,N,1,1,Succ,NA,NA,NA,NA,NA,Succ,Roc,NA,NA,NA,NA,NA,NA,NA,NA,NA,NA,NA
Asteraceae,Berlandiera,subacaulis,BerSub,BESU,NA,Florida greeneyes,NA,NA,NA,N,1,1,Roc,NA,NA,NA,NA,NA,Roc,NA,NA,NA,NA,NA,NA,NA,[4also],NA,NA,NA,NA
Asteraceae,Bidens,alba,BidAlb,BIAL,NA,Beggarticks,NA,Herb,NA,N,1,1,Weed,Native,NA,L&L,Roc,NA,WdDi,B14H,NWH,NA,NA,NA,NA,NA,[4also],BIALR,NA,NA,NA
Asteraceae,Calyptocarpus,vialis,CalVia,CAVI2,NA,NA,NA,Herb,NA,N,1,0,Weed,NA,NA,L&L,NA,NA,WdDi,NA,NA,NA,NA,NA,P,NA,[4also],NA,NA,NA,NA
Asteraceae,Chaptalia,albicans,ChaAlb,CHAL18,NA,NA,NA,NA,NA,N,1,1,Roc,NA,NA,NA,NA,NA,Roc,NA,NA,NA,NA,NA,NA,NA,[4only],NA,NA,NA,NA
Asteraceae,Chromalaena,odorata,ChrOdo,NA,NA,Jack-in-the-bush ,NA,Shrub,Tree,N,1,1,Landsc,Roc,Weed,L&L,NA,NA,WdDi,B14H,NWH,NA,NA,NA,NA,NA,[4also],NA,NA,NA,NA
Asteraceae,Cirsium,horridulum,CirHor,FindIt,NA,Purple thistle,in new sod,Herb,NA,N,1,1,Weed,NA,NA,L&L,NA,NA,B16e ,B16SW,8253,NA,NA,NA,NA,NA,NA,NA,NA,NA,NA
Asteraceae,Cirsium,nuttallii,CirNut,FindIt,NA,Nuttall's thistle,in new sod; needs to be unmowed to obtain flowers to identify species,Herb,NA,N,1,1,Weed,NA,NA,L&L,NA,NA,B16c,B16SE,B16e ,B16SW,8235,8253,NA,NA,NA,NA,NA,NA,NA
Asteraceae,Conyza,canadensis,ConCan,NA,NA,NA,NA,Herb,NA,N,1,1,Weed,NA,NA,L&L,NA,NA,NA,NA,NA,NA,NA,NA,P,NA,[4also],NA,NA,NA,NA
Asteraceae,Crassocephalum,crespidioides,CraCre,NA,NA,Redflower ragleaf,NA,Herb,NA,N,1,0,Weed,NA,NA,Veg,NA,NA,B3N,NA,NA,NA,NA,NA,NA,NA,NA,NA,NA,NA,NA
Asteraceae,Cyanthillium,cinereum,CyaCin,CYCI4,NA,Little ironweed,NA,Herb,NA,N,1,0,Weed,Ham,NA,L&L,Ham,NA,WdDi,B14H,NWH,NA,NA,NA,NA,NA,NA,NA,NA,NA,NA
Asteraceae,Eclipta,prostrata,EclPro,ECPR,NA,NA,NA,Herb,NA,N,1,1,Weed,NA,NA,Veg,NA,NA,WdDi,NA,NA,NA,NA,NA,NA,NA,NA,NA,NA,NA,NA
Asteraceae,Emilia,fosbergii,EmiFos,EMFO,NA,NA,NA,Herb,NA,N,1,0,Weed,NA,NA,L&L,Veg,NA,WdDi,B14H,NA,NA,NA,NA,NA,NA,[4also],NA,NA,NA,NA
Asteraceae,Emilia,sonchifolia,EmiSon,EMSO,NA,NA,NA,Herb,NA,N,1,0,Weed,Roc,NA,Roc,NA,NA,8235,CentLabs,Roc,NA,NA,NA,NA,NA,[4also],EMSOS,NA,NA,NA
Asteraceae,Erechtites,hieraciifolius,EriHie,ERHI12,NA,Fireweed,NA,Herb,NA,N,1,1,Weed,NA,NA,L&L,NA,NA,B15N,NA,NA,NA,NA,NA,NA,NA,NA,ERHIH2,NA,NA,NA
Asteraceae,Eupatorium,capillifolium,EupCap,EUCA5,NA,NA,NA,Shrub,Herb,N,1,1,Weed,NA,NA,L&L,G&P,NA,NA,NA,NA,NA,NA,NA,NA,NA,NA,EULE3,NA,NA,NA
Asteraceae,Gamochaeta,pensylvanica,GamPen,GAPE2,NA,Pennsylvania cudweed,in new sod,Herb,NA,N,1,0,Weed,NA,NA,L&L,NA,NA,8235,CentLabs,8223,EastLabs,NA,NA,NA,NA,NA,NA,NA,NA,NA
Asteraceae,Melanthera,nivea,MelNiv,MENI3,NA,NA,NA,Herb,NA,N,1,1,Roc,NA,NA,NA,NA,NA,Roc,NA,NA,NA,NA,NA,NA,NA,[4also],NA,NA,NA,NA
Asteraceae,Mikania,micrantha/scandens,MikSp.,NA,Species,NA,NA,Vine,Herb,N,1,?,Weed,NA,NA,L&L,NA,NA,B8east,NA,NA,NA,NA,NA,NA,NA,NA,NA,NA,NA,NA
Asteraceae,Parthenium,hysterophorus,ParHys,PAHY,NA,NA,NA,Herb,NA,N,1,0,Weed,NA,NA,Veg,NA,NA,WdDi,B14H,NA,NA,NA,NA,NA,NA,[4also],NA,NA,NA,NA
Asteraceae,Pectis,prostrata,PecPro,PEPR,NA,NA,NA,Herb,NA,N,1,1,Weed,NA,NA,L&L,Veg,NA,WdDi,B4,NA,NA,NA,NA,NA,NA,NA,NA,NA,NA,NA
Asteraceae,Pluchea,carolinensis,PluCar,PLCA10,NA,NA,NA,Herb,Shrub,N,1,0,Weed,Native,NA,L&L,G&P,NA,WdDi,NA,NA,NA,NA,NA,H,NA,NA,NA,NA,NA,NA
Asteraceae,Pterocaulon,pycnostachyum,PtePyc,PTPY2,NA,NA,NA,NA,NA,N,1,1,Roc,NA,NA,NA,NA,NA,Roc,NA,NA,NA,NA,NA,NA,NA,[4only],NA,NA,NA,NA
Asteraceae,Solidago,odora chapmanii,SolOdo,NA,NA,NA,NA,Herb,NA,N,1,1,Roc,NA,NA,NA,NA,NA,Roc,NA,NA,NA,NA,NA,NA,NA,[4only],NA,NA,NA,NA
Asteraceae,Sonchus,asper,SonAsp,SOAS,NA,NA,NA,Herb,NA,N,1,0,Weed,NA,NA,Veg,L&L,NA,WdDi,NA,NA,NA,NA,NA,NA,NA,NA,NA,NA,NA,NA
Asteraceae,Sonchus,oleraceus,SonOle,SOOL,NA,NA,NA,Herb,NA,N,1,0,Weed,NA,NA,Veg,L&L,NA,WdDi,B14dump,NA,NA,NA,NA,NA,NA,NA,NA,NA,NA,NA
Asteraceae,Sphagneticola,trilobata,SpTr,Recheck,NA,NA,NA,Herb,Vine,N,1,0,Weed,NA,NA,L&L,NA,NA,8235,CentLabs,8221,Library,8252,FrOfc,NA,NA,NA,NA,NA,NA,NA
Asteraceae,Symphyotrichum,adnatum,SymAdn,SYAD,NA,NA,NA,Herb,NA,N,1,1,Roc,NA,NA,NA,NA,NA,Roc,NA,NA,NA,NA,NA,NA,NA,[4only],NA,NA,NA,NA
Asteraceae,Symphyotrichum,concolor,SymCon,SYCO3,NA,NA,NA,Herb,NA,N,1,1,Roc,NA,NA,NA,NA,NA,Roc,NA,NA,NA,NA,NA,NA,NA,[4only],NA,NA,NA,NA
Asteraceae,Tridax,procumbens,TriPro,TRPR5,NA,NA,NA,Herb,NA,N,1,0,Weed,NA,NA,L&L,Veg,G&P,WdDi,NA,NA,NA,NA,NA,P,NA,[4also],NA,NA,NA,NA
Asteraceae,Youngia,japonica,YonJap,YOJA,NA,NA,NA,Herb,NA,N,1,0,Weed,NA,NA,L&L,NA,NA,WdDi,B14H,NA,NA,NA,NA,NA,NA,NA,NA,NA,NA,NA
Bignoniaceae,Hadroanthus [Tabebuia],chrysotricha/chrysantha,HadSp.1,NA,Species,NA,"Yellow fls, hairy, suckers",Tree,NA,Y,?,0,Landsc,NA,NA,NA,NA,NA,NA,NA,NA,NA,NA,NA,NA,NA,NA,NA,NA,NA,NA
Bignoniaceae,Hadroanthus [Tabebuia],impetiginosa,HadImp,NA,NA,NA,"Purple fls, deciduous",Tree,NA,Y,0,0,Landsc,NA,NA,NA,NA,NA,NA,NA,NA,NA,NA,NA,NA,NA,NA,NA,NA,NA,NA
Bignoniaceae,Hadroanthus [Tabebuia],sp.,HadSp.2,TABEB,Species,NA,"Yellow fls, 60 ft",Tree,NA,Y,0,0,Landsc,NA,NA,NA,NA,NA,NA,NA,NA,NA,NA,NA,NA,NA,NA,NA,NA,NA,NA
Bignoniaceae,Jacaranda,mimosifolia,JacMim,JAMI,NA,Jacaranda,NA,Tree,NA,?,1,0,Landsc,NA,NA,NA,NA,NA,B16,8252,(Sside),NA,NA,NA,1?,NA,NA,NA,NA,NA,NA
Bignoniaceae,Kigelia,africana,KigAfr,NA,NA,Sausage tree,NA,Tree,NA,Y,0,0,Landsc,NA,NA,NA,NA,NA,NA,NA,NA,NA,NA,NA,1,NA,NA,NA,NA,NA,NA
Bignoniaceae,Oroxylum,indicum,OroInd,NA,NA,Indian trumpet tree,NA,Tree,Shrub,Y,0,0,Landsc,Weed,NA,L&L,NA,NA,NA,NA,NA,NA,NA,NA,NA,NA,NA,NA,NA,NA,NA
Bignoniaceae,Tabebuia,aurea,TabAur,TAAU2,NA,NA,NA,Tree,NA,N,1,0,Landsc,NA,NA,NA,NA,NA,8267,VergelHome,NA,NA,NA,NA,NA,NA,NA,NA,NA,NA,NA
Bignoniaceae,Tabebuia,heterophylla,TabHet,TAHE,NA,NA,NA,Tree,NA,N,1,0,Landsc,Weed,NA,L&L,NA,NA,8260,Tchng,NA,NA,NA,NA,NA,NA,NA,NA,NA,NA,NA
Bombacaceae,Adansonia,digitata,AdaDig,NA,NA,Baobab,NA,Tree,NA,Y,0,0,Landsc,NA,NA,NA,NA,NA,NA,NA,NA,NA,NA,NA,P,NA,NA,NA,NA,NA,NA
Bombacaceae,Bombax,ceiba,BomCei,NA,NA,Red cotton tree,Red flowers,Tree,NA,Y,0,0,Landsc,NA,NA,NA,NA,NA,8221,Library,NA,NA,NA,NA,1,NA,NA,NA,NA,NA,NA
Bombacaceae,Chlorisia,speciosa,ChlSpe,NA,NA,NA,Purple & white? Fls,Tree,NA,Y,0,0,Landsc,NA,NA,NA,NA,NA,NA,B14?,NA,NA,NA,NA,NA,NA,NA,NA,NA,NA,NA
Bombacaceae,Pachira,aquatica,PacAqu,NA,NA,Malabar chestnut,NA,Tree,NA,Y,0,0,Landsc,NA,NA,NA,NA,NA,8256-7,Ento,B15N#12F,NA,NA,NA,NA,NA,NA,NA,NA,NA,NA
Bombacaceae,Pachira,glabra,PacGla,FindIt,Species,Money tree,Need fruits to confirm Id,Tree,NA,Y,0,0,Landsc,NA,NA,NA,NA,NA,B15N#13F,NA,NA,NA,NA,NA,1,NA,NA,NA,NA,NA,NA
Bombacaceae,Pseudobombax,ellipticum,PseEll,NA,NA,NA,NA,Tree,NA,Y,0,0,Landsc,NA,NA,NA,NA,NA,8245,ChemStrg,NA,NA,NA,NA,1,NA,NA,NA,NA,NA,NA
Boraginaceae,Bourreria,radula,BorRad,NA,Species,Rough strongbark,"Unlike online specimens, TREC trees have orbicular-ovate leaves with truncate or slightly cordate bases",Tree,NA,N,1,1,Landsc,NA,NA,NA,NA,NA,"B16d, e, f",NA,NA,NA,NA,NA,NA,NA,NA,NA,NA,NA,NA
Boraginaceae,Bourreria,succulenta,BorSuc,NA,NA,Bahama strongbark,NA,Tree,Shrub,N,1,1,Ham,NA,NA,NA,NA,NA,B14H,NA,NA,NA,NA,NA,NA,NA,NA,NA,NA,NA,NA
Boraginaceae,Cordia,boissieri,CorBoi,NA,NA,NA,NA,Tree,NA,Y,0,0,Landsc,NA,NA,NA,NA,NA,NA,NA,NA,NA,NA,NA,NA,NA,NA,NA,NA,NA,NA
Boraginaceae,Cordia,sebestina,CorSeb,NA,NA,NA,NA,Tree,NA,?,1,0,Landsc,NA,NA,NA,NA,NA,8260,Tchng,NA,NA,NA,NA,NA,NA,NA,NA,NA,NA,NA
Brassicaceae,Brassica,oleracea,BraOle,NA,NA,"Cabbage, collards",NA,Herb,NA,Y,0,0,CropT,NA,NA,NA,NA,NA,NA,NA,NA,NA,NA,NA,NA,NA,NA,NA,NA,NA,NA
Brassicaceae,Capsella,bursa-pastoris,CapBur,FindIt,NA,Sheperd's purse,In plowed area of south half of north plot for B14,Herb,NA,N,1,0,Weed,NA,NA,NA,L&L,Veg,B10S,NA,NA,NA,NA,NA,NA,NA,NA,NA,NA,NA,NA
Brassicaceae,Cardamine,pensylvanica,CarPen,CAPE3,NA,NA,NA,Herb,NA,N,1,1,Weed,NA,NA,L&L,G&P,NA,NA,NA,NA,NA,NA,NA,NA,NA,NA,NA,NA,NA,NA
Brassicaceae,Lepidium [Coronopus],didymum,LepDid,NA,NA,NA,NA,Herb,NA,N,1,0,Weed,NA,NA,Veg,L&L?,NA,WdDi,NA,NA,NA,NA,NA,NA,NA,NA,NA,NA,NA,NA
Brassicaceae,Lepidium,virginicum,LepVir,NA,NA,NA,NA,Herb,NA,N,1,1,Weed,NA,NA,L&L,NA,NA,WdDi,NA,NA,NA,NA,NA,NA,NA,NA,NA,NA,NA,NA
Brassicaceae,Quadrella [Capparis],jamaicensis,QuaJam,FindIt,NA,Jamaican capertree,NA,Shrub,Tree,N,1,1,Landsc,NA,NA,NA,NA,NA,8266,SoilSci,NA,NA,NA,NA,1?,NA,NA,NA,NA,NA,NA
Bromeliaceae,Aechmea,blanchetiana,AecBla,NA,NA,NA,5 ft x 3 ft red & yellow inflos,Herb,NA,Y,0,0,Landsc,NA,NA,NA,NA,NA,NA,NA,NA,NA,NA,NA,NA,NA,NA,NA,NA,NA,NA
Bromeliaceae,Aechmea, 'Blue rain',NA,NA,NA,Blue rain bromeliad,NA,Herb,NA,Y,0,0,Landsc,NA,NA,NA,NA,NA,8256,Ento,NA,NA,NA,NA,NA,NA,NA,NA,NA,NA,NA
Bromeliaceae,Aechmea,nr. chantini,NA,NA,Species,NA,Probably cultivars and/or hybrids,Herb,NA,Y,0,0,Landsc,NA,NA,NA,NA,NA,8253,8256,8257,NA,NA,NA,NA,NA,NA,NA,NA,NA,NA
Bromeliaceae,Alcantarea,imperialis,AlcImp,NA,NA,NA,NA,Herb,NA,Y,0,0,Landsc,NA,NA,NA,NA,NA,8253-4,8256,NA,NA,NA,NA,NA,NA,NA,NA,NA,NA,NA
Bromeliaceae,Ananus,comosus,AnaCom,NA,NA,Pineapple,NA,Herb,NA,Y,0,0,Landsc,NA,NA,NA,NA,NA,NA,NA,NA,NA,NA,NA,NA,NA,NA,NA,NA,NA,NA
Bromeliaceae,Guzmania,lingulata,NA,GUZMA,Species,NA,"Thin, papery leaves for a bromiliad; inflo bracts reduced only somewhat",Herb,NA,Y,?,0,Landsc,NA,NA,NA,NA,NA,8216,PltClnc,NA,NA,NA,NA,NA,NA,NA,NA,NA,NA,NA
Bromeliaceae,Hohenbergia,nr. stellata,NA,NA,Species,NA,5 ft x 1 ft Andropogon-like inflo clumps,Herb,NA,Y,0,0,Landsc,NA,NA,NA,NA,NA,8216,PltClnc,NA,NA,NA,NA,NA,NA,NA,NA,NA,NA,NA
Bromeliaceae,Neoregelia,carolinae,NeoCar,NA,NA,NA,NA,Herb,NA,Y,0,0,Landsc,NA,NA,NA,NA,NA,NA,NA,NA,NA,NA,NA,NA,NA,NA,NA,NA,NA,NA
Bromeliaceae,Neoregelia,cruenta,NeoSp.,NA,Species,NA,NA,Herb,NA,Y,0,0,Landsc,NA,NA,NA,NA,NA,8260,Tchng,NA,NA,NA,NA,NA,NA,NA,NA,NA,NA,NA
Bromeliaceae,Tillandsia,balbisiana,TilBal,TIBA2,NA,NA,"Recurved lvs, bulbous bs",Herb,NA,N,1,1,Epiph,NA,NA,NA,NA,NA,NA,NA,NA,NA,NA,NA,NA,NA,NA,NA,NA,NA,NA
Bromeliaceae,Tillandsia,fasciculata,TilFac,NA,NA,Cardinal airplant ,NA,Herb,NA,N,1,1,Epiph,Weed,NA,Epi,NA,NA,WdDi,NA,NA,NA,NA,NA,NA,NA,NA,NA,NA,NA,NA
Bromeliaceae,Tillandsia,recurvata,TilRec,TIRE,NA,NA,NA,Herb,NA,N,1,1,Epiph,Weed,NA,Epi,NA,NA,WdDi,NA,NA,NA,NA,NA,NA,NA,NA,NA,NA,NA,NA
Bromeliaceae,Tillandsia,utricularia,TilUtr,NA,NA,NA,Elongate inflo.,Herb,NA,N,1,1,Epiph,NA,NA,NA,NA,NA,8216,8235,NA,NA,NA,NA,NA,NA,NA,NA,NA,NA,NA
Burseraceae,Bursera,simaruba,BurSim,BUSI,NA,Gumbo-limbo,NA,Tree,NA,N,1,1,Ham,Roc,NA,NA,NA,NA,B14H,NWH,NA,NA,NA,NA,NA,NA,[4also],NA,NA,NA,NA
Cactaceae,NA,sp.,NA,NA,Genus,NA,Cerenid tribe; Check,Shrub,Vine,N,?,?,Landsc,NA,NA,NA,NA,NA,Wfence,NA,NA,NA,NA,NA,NA,NA,NA,NA,NA,NA,NA
Cactaceae,Opuntia,cochinellifera,OpuCoc,NA,NA,NA,NA,Tree,Shrub,N,1,0,Landsc,NA,NA,NA,NA,NA,Wfence,NA,NA,NA,NA,NA,NA,NA,NA,NA,NA,NA,NA
Cactaceae,Opuntia,stricta,OpuStr,OPST2,NA,NA,NA,Shrub,NA,N,1,1,Landsc,NA,NA,NA,NA,NA,Wfence,NA,NA,NA,NA,NA,NA,NA,NA,OPDI3,NA,NA,NA
Cactaceae,Selenicereus [Hylocereus],polyrhizus x undatus,HylPolXund,NA,NA,Pitaya or dragon fruit,Natural Mystic',Shrub,Vine,?,0,0,CropP,Landsc,NA,NA,NA,NA,B6,NA,NA,NA,NA,NA,NA,NA,[6],NA,NA,NA,NA
Cactaceae,Selenicereus [Hylocereus],undatus,HylUnd,HYUN3,NA,Pitaya or dragon fruit,NA,Vine,Shrub,N,1,0,CropP,Landsc,NA,NA,NA,NA,NA,NA,NA,NA,NA,NA,NA,NA,NA,NA,NA,NA,NA
Canellaceae,Canella,winterana,CanWin,FindIt,NA,Cinnamon bark,NA,Shrub,Tree,?,1,1,Landsc,Native,NA,NA,NA,NA,B16c,8252,FrOfc,NA,NA,NA,1?,NA,NA,NA,NA,NA,NA
Cannaceae,Canna,sp.,CanSp.,CANNA2,Species,Canna lily,NA,Herb,NA,?,1,0,Landsc,NA,NA,NA,NA,NA,B16d,8211,DakNGnhs,NA,NA,NA,NA,NA,NA,NA,NA,NA,NA
Caprifoliaceae,NA,sp.,NA,NA,Family,NA,"40 ft tree, attractive, peeling bark",Tree,NA,Y,0,0,Landsc,NA,NA,NA,NA,NA,NA,NA,NA,NA,NA,NA,H,1,NA,NA,NA,NA,NA
Caricaceae,Carica,papaya,CarPap,CAPA23,NA,Papaya,NA,Tree,Shrub,N,1,1,CropP,Weed,NA,Ham,NA,NA,B14H,NA,NA,NA,NA,NA,NA,NA,NA,NA,NA,NA,NA
Caryophyllaceae,Drymaria,cordata,DryCor,DRCO2,NA,NA,NA,Herb,NA,N,1,0,Weed,NA,NA,L&L,NA,NA,WdDi,NA,NA,NA,NA,NA,NA,NA,NA,DRCOC2,NA,NA,NA
Casuarinaceae,Casuarina,equisetifolia,CasEqu,NA,NA,Australian pine,NA,Tree,NA,N,1,0,Weed,NA,NA,Ham,NA,NA,B14H,NA,NA,NA,NA,NA,NA,NA,NA,NA,NA,NA,NA
Celastraceae,Crossopetalum,ilicifolium,CroIli,CRIL2,NA,NA,NA,Shrub,Herb,N,1,1,Roc,NA,NA,NA,NA,NA,Roc,NA,NA,NA,NA,NA,NA,NA,[4also],NA,NA,NA,NA
Celtidaceae,Trema,micrantha,TreMic,TRMI2,NA,NA,NA,Tree,Shrub,N,1,1,Roc,Ham,NA,NA,NA,NA,Roc,B14H,NA,NA,NA,NA,NA,NA,[4also],NA,NA,NA,NA
Chrysobalanaceae,Licania/hirtella?,sp.,NA,NA,Genus,NA,"40 ft tree, inflos in axillary racemes, may be only specimens in N America",Tree,NA,Y,0,0,Landsc,NA,NA,NA,NA,NA,B16NW,B16F,NA,NA,NA,NA,NA,NA,NA,NA,NA,NA,NA
Chrysobalanaceae,Licania/hirtella?,sp.,NA,NA,Genus,NA,"40 ft tree, inflos in terminal panicles, may be only specimen in N America",Tree,NA,Y,0,0,Landsc,NA,NA,NA,NA,NA,B16NW,B16F,NA,NA,NA,NA,1,H,NA,NA,NA,NA,NA
Chrysobalanaceae,Chrysobalanus,icaco,ChrIca,CHIC,NA,Coco plum,NA,Shrub,Tree,?,1,1,Landsc,NA,NA,NA,NA,NA,NA,NA,NA,NA,NA,NA,NA,NA,NA,NA,NA,NA,NA
Clusiaceae,Clusia,rosea,CluRos,CLRO,NA,Custard apple,NA,Tree,Shrub,?,1,1,Landsc,NA,NA,NA,NA,NA,NA,NA,NA,NA,NA,NA,NA,NA,NA,NA,NA,NA,NA
Clusiaceae,Garcinia,livingstonei,GarLiv,NA,NA,NA,"Confirmed with flowers, lvs, branches",Tree,Shrub,Y,0,0,Landsc,CropP,NA,NA,NA,NA,B15N,NA,NA,NA,NA,NA,NA,NA,[8],NA,NA,NA,NA
Clusiaceae,Garcinia,subelliptica/spicata/ovalifolius var.spicata,GarSp.,NA,Species,Mangosteen,"Oval leaves with obtuse or rounded tip, appears to be widely planted in the Homestead area",Tree,NA,?,0,0,Landsc,CropP,NA,NA,NA,NA,B16N,B15,NA,NA,NA,NA,NA,NA,NA,NA,NA,NA,NA
Clusiaceae,Garcinia,tinctoria,GarTin,NA,NA,Yellow mangosteen,NA,Tree,Shrub,Y,0,0,Landsc,CropP,NA,NA,NA,NA,B11,NA,NA,NA,NA,NA,NA,NA,[3],NA,NA,NA,NA
Clusiaceae,Mammea,americana,MamAme,FindIt,NA,Mamey apple,NA,Tree,Shrub,Y,0,0,Landsc,CropP,NA,NA,NA,NA,B15N #26k,NA,NA,NA,NA,NA,1?,NA,NA,NA,NA,NA,NA
Combretaceae,Conocarpus,erectus,ConEre,COER2,NA,Buttonwood,NA,Tree,Shrub,N,1,1,Landsc,Ham,NA,NA,NA,NA,B14H,NA,NA,NA,NA,NA,NA,NA,NA,NA,NA,NA,NA
Combretaceae,Terminalia,catappa,TerCat,TECA,NA,Tropical almond,NA,Tree,NA,N,1,0,Landsc,Ham,NA,NA,NA,NA,B14H,NA,NA,NA,NA,NA,1?,NA,NA,NA,NA,NA,NA
Combretaceae,Terminalia,molinetti,TerMol,NA,NA,NA,NA,Tree,Shrub,N,1,1,Landsc,NA,NA,NA,NA,NA,8255,Storage ,NA,NA,NA,NA,NA,NA,NA,NA,NA,NA,NA
Commelinaceae,Commelina,diffusa,ComDif,CODI5,NA,NA,NA,Herb,NA,N,1,0,Weed,NA,NA,L&L,NA,NA,NA,NA,NA,NA,NA,NA,NA,NA,NA,CODID3,CODIG,NA,NA
Commelinaceae,Commelina,erecta,ComEre,COER,NA,NA,NA,Herb,NA,N,1,1,Weed,NA,NA,L&L,NA,NA,WdDi,B15,NA,NA,NA,NA,NA,NA,NA,COERA,COERE,NA,NA
Commelinaceae,Cyanotis,nr. obtusa,NA,NA,Species,NA,Purple leaves,Herb,NA,Y,0,0,Landsc,NA,NA,NA,NA,NA,8252,FrOfc,NA,NA,NA,NA,NA,NA,NA,NA,NA,NA,NA
Commelinaceae,Gibasis,pellucida,GibPel,GIPE3,NA,NA,NA,Herb,NA,N,1,0,Landsc,NA,NA,NA,NA,NA,8252,FrOfc,NA,NA,NA,NA,NA,NA,NA,NA,NA,NA,NA
Commelinaceae,Murdannia,nudiflora,MurNud,MUNU,NA,Nakedstem dewflower,NA,Herb,NA,N,1,0,Weed,NA,NA,L&L,NA,NA,WdDi,NA,NA,NA,NA,NA,NA,NA,NA,NA,NA,NA,NA
Commelinaceae,Tradescantia,pallida,TraPal,TRPA10,NA,NA,NA,Herb,NA,N,1,0,Landsc,NA,NA,NA,NA,NA,NA,NA,NA,NA,NA,NA,NA,NA,NA,NA,NA,NA,NA
Commelinaceae,Tradescantia,spathacea,TraSpa,TRSP8,NA,Oyster plant,NA,Herb,NA,N,1,0,Weed,Roc,NA,L&L,NA,NA,WdDi,NA,NA,NA,NA,NA,NA,NA,NA,NA,NA,NA,NA
Commelinaceae,Tradescantia,zebrina,TraZeb,TRZE,NA,NA,NA,Herb,Vine,N,1,0,Landsc,NA,NA,NA,NA,NA,8252,FrOfc,NA,NA,NA,NA,NA,NA,NA,NA,NA,NA,NA
Convolvulaceae,Dichondra,micrantha,DicMic,DIMI,NA,Dichondra,NA,Herb,NA,N,1,0,Lawn,NA,NA,NA,NA,NA,WdDi,B14H,NA,NA,NA,NA,NA,NA,NA,NA,NA,NA,NA
Convolvulaceae,Distimake,dissectus,DisDis,NA,NA,Noyau vine,NA,Vine,Herb,N,1,1,Landsc,Weed,NA,L&L,NA,NA,B11,NA,NA,NA,NA,NA,NA,NA,NA,NA,NA,NA,NA
Convolvulaceae,Evolvulus,sericeus,EvoSer,EVSE,NA,NA,NA,NA,NA,N,1,1,Roc,NA,NA,NA,NA,NA,Roc,NA,NA,NA,NA,NA,NA,NA,[4only],EVSEG,EVSES,NA,NA
Convolvulaceae,Ipomoea,alba,IpoAlb,IPAL,NA,NA,NA,Vine,Herb,N,1,1,Roc,Succ,weed,Roc,Succ,NA,B13,WdDi,NA,NA,NA,NA,NA,NA,NA,NA,NA,NA,NA
Convolvulaceae,Ipomoea,batatas,IpoBat,IPBA2,NA,Sweet potato,NA,Vine,Herb,?,1,0,CropT,NA,NA,NA,NA,NA,NA,NA,NA,NA,NA,NA,NA,NA,NA,NA,NA,NA,NA
Convolvulaceae,Ipomoea,hederifolia,IpoHed,IPHE2,NA,NA,NA,Vine,NA,N,1,1,weed,NA,NA,L&L,fences,NA,Wfence,NA,NA,NA,NA,NA,NA,NA,NA,NA,NA,NA,NA
Convolvulaceae,Ipomoea,indica,IpoInd,IPIN,NA,Oceanblue morninglory,Purple flowers in cool season,Vine,NA,N,1,1,Weed,Ham,Landsc,L&L,fences,NA,WdDi,B14H?,NWH?,B11?,NA,NA,AtTREC?,NA,NA,NA,NA,NA,NA
Convolvulaceae,Ipomoea,tenuissima,IpoTen,IPTE2,NA,NA,NA,NA,NA,N,1,1,Roc,NA,NA,NA,NA,NA,Roc,NA,NA,NA,NA,NA,NA,NA,[4only],NA,NA,NA,NA
Convolvulaceae,Ipomoea,triloba,IpoTri,IPTR2,NA,NA,NA,Vine,NA,N,1,0,Weed,NA,NA,L&L,fences,NA,Fences,B4,B1,NA,NA,NA,NA,NA,NA,IPBA2,NA,NA,NA
Convolvulaceae,Jacquemontia,curtissii,JacCur,JACU4,NA,NA,NA,NA,NA,N,1,1,Roc,NA,NA,NA,NA,NA,Roc,NA,NA,NA,NA,NA,NA,NA,[4only],NA,NA,NA,NA
Convolvulaceae,Turbina,corymbosa,TurCor,TUCO,NA,Christmasvine,Most common Convolvulaceae in the hammock,Vine,Herb,N,1,0,Weed,Ham,NA,L&L,Ham,NA,B14H,NA,NA,NA,NA,NA,NA,NA,NA,NA,NA,NA,NA
Costaceae,Costus,pulverulentus/speciosus,CosSp.,NA,Species,Spiral ginger,NA,Herb,Vine,?,?,0,Landsc,NA,NA,NA,NA,NA,8266,SoilSci,NA,NA,NA,NA,NA,NA,NA,NA,NA,NA,NA
Crassulaceae,Crassula,arborescens ,CraArb,NA,Species,Silver dollar plant ,NA,Herb,Shrub,Y,0,0,Landsc,NA,NA,NA,NA,NA,B12,NA,NA,NA,NA,NA,NA,NA,NA,NA,NA,NA,NA
Cucurbitaceae,Citrullus,lanatus,CitLan,CILA3,NA,Watermelon,NA,Vine,NA,Y,1,0,CropT,NA,NA,NA,NA,NA,NA,NA,NA,NA,NA,NA,NA,NA,NA,CILAC,NA,NA,NA
Cucurbitaceae,Cucumis,sativus,CucSat,CUSA4,NA,Cucumber,NA,Vine,NA,Y,1,0,CropT,NA,NA,NA,NA,NA,NA,NA,NA,NA,NA,NA,NA,NA,NA,NA,NA,NA,NA
Cucurbitaceae,Cucurbita,moschata,CucMos,NA,NA,Calabaza,NA,Herb,Vine,Y,1,0,CropT,NA,NA,NA,NA,NA,NA,NA,NA,NA,NA,NA,NA,NA,NA,NA,NA,NA,NA
Cucurbitaceae,Cucurbita,pepo,CucPep,NA,NA,Squash,NA,Herb,Vine,Y,0,0,CropT,NA,NA,NA,NA,NA,NA,NA,NA,NA,NA,NA,NA,NA,NA,NA,NA,NA,NA
Cucurbitaceae,Momordica,charantia,MomCha,MOCH2,NA,Balsampear ,NA,Vine,NA,N,1,0,Weed,NA,NA,L&L,NA,NA,B14H,NWH,B4,NA,NA,NA,NA,NA,[4also],NA,NA,NA,NA
Cupressaceae,Juniperus,chinensis,JunChi,NA,NA,NA,"Variegated, pfitzer ",Shrub,NA,Y,0,0,Landsc,NA,NA,NA,NA,NA,8252,FrOfc,NA,NA,NA,NA,NA,NA,NA,NA,NA,NA,NA
Cycadaceae,Cycas,circinalis,CycCir,NA,NA,NA,NA,Tree,Shrub,Y,0,0,Landsc,NA,NA,NA,NA,NA,NA,NA,NA,NA,NA,NA,NA,NA,NA,NA,NA,NA,NA
Cycadaceae,Cycas,revoluta,CycRev,CYRE11,NA,NA,NA,Shrub,Tree,Y,1,0,Landsc,NA,NA,NA,NA,NA,NA,NA,NA,NA,NA,NA,NA,NA,NA,NA,NA,NA,NA
Cyclanthaceae,Carludovica,nr. palmata,CarSp.,NA,Species,Panama hat palm,Inflorescence spikelike resembling many in the Araceae,Shrub,Herb,Y,0,0,Landsc,NA,NA,NA,NA,NA,B16SCent,B16d,NA,NA,NA,NA,NA,NA,NA,NA,NA,NA,NA
Cyperaceae,Cyperus [Kyllinga],brevifolius,CypBre,KYBR,NA,NA,NA,Herb,NA,N,1,0,Weed,Lawn,NA,L&L,NA,NA,WdDi,NA,NA,NA,NA,NA,P,NA,NA,NA,NA,NA,NA
Cyperaceae,Cyperus,compressus,CypCom,CYCO,NA,NA,NA,Herb,NA,N,1,1,Weed,NA,NA,L&L,NA,NA,WdDi,NA,NA,NA,NA,NA,NA,NA,NA,NA,NA,NA,NA
Cyperaceae,Cyperus,croceus,CypCro,CYCR6,NA,NA,NA,Herb,NA,N,1,1,Lawn,weed,NA,L&L,NA,NA,Lawns,WdDi,NA,NA,NA,NA,NA,NA,NA,NA,NA,NA,NA
Cyperaceae,Cyperus,esculentus,CypEsc,CYES,NA,Nutsedge,NA,Herb,NA,N,1,0,Weed,NA,NA,Veg,NA,NA,NA,NA,NA,NA,NA,NA,P,NA,NA,CYESH,CYESL,CYESM,NA
Cyperaceae,Cyperus,filiformis,CypFil,CYFI4,Species,NA,NA,Herb,NA,N,1,1,Lawn,NA,NA,NA,NA,NA,B16,B15N,NA,NA,NA,NA,H,NA,NA,CYFL6,NA,NA,NA
Cyperaceae,Cyperus,rotundus,CypRot,CYRO,NA,Nutsedge,NA,Herb,NA,N,1,0,Weed,NA,NA,Veg,L&L,NA,WdDi,NA,NA,NA,NA,NA,NA,NA,NA,NA,NA,NA,NA
Cyperaceae,Cyperus [Kyllinga],metzii [squamulata],CypSqu,KYSQ,NA,Asian spikesedge,NA,Herb,NA,N,1,0,Lawn,Weed,NA,L&L,NA,NA,8219,Hydrology,NA,NA,NA,NA,NA,NA,NA,NA,NA,NA,NA
Cyperaceae,Rhynchospora,floridensis,RhyFlo,RHFL2,NA,NA,NA,Herb,NA,N,1,1,Roc,NA,NA,NA,NA,NA,Roc,NA,NA,NA,NA,NA,NA,NA,[4only],NA,NA,NA,NA
Dennstaedtiaceae,Pteridium,aquilinum,PteAqu,PTAQ,NA,Bracket fern,Includes var. caudatum,Herb,NA,N,1,1,Roc,NA,NA,NA,NA,NA,Roc,NA,NA,NA,NA,NA,NA,NA,[4also],PTAQL,PTAQP,PTCA3,NA
Ebenaceae,Diospyros ,dignya,DioDig,NA,Species,Black sapote,NA,Tree,Shrub,Y,0,0,CropP,Landsc,NA,NA,NA,NA,B15N,B11,NA,NA,NA,NA,NA,NA,[8],NA,NA,NA,NA
Ebenaceae,Diospyros ,discolor,DioDis,NA,NA,Velvet apple ,NA,Tree,Shrub,Y,0,0,CropP,Landsc,NA,NA,NA,NA,B15,B11,NA,NA,NA,NA,NA,NA,"[1, 3]",NA,NA,NA,NA
Ebenaceae,Diospyros ,ebe/ebenum,DioEbe,NA,Species,Black sapote,NA,Tree,Shrub,Y,?,0,CropP,Landsc,NA,NA,NA,NA,NA,NA,NA,NA,NA,NA,NA,NA,[2],NA,NA,NA,NA
Ebenaceae,Diospyros ,mespiliformis [senegalensis],DioDis,NA,NA,NA,NA,Tree,Shrub,Y,0,0,CropP,Landsc,NA,NA,NA,NA,B15N,NA,NA,NA,NA,NA,NA,NA,[8],NA,NA,NA,NA
Euphorbiaceae,Acalypha,alopecuroidea,AcaAlo,ACAL2,NA,NA,NA,Herb,NA,N,1,0,Weed,NA,NA,Veg,L&L,NA,WdDi,NA,NA,NA,NA,NA,P,H,NA,NA,NA,NA,NA
Euphorbiaceae,Acalypha,amentacea wilkesiana,AcaAme,NA,NA,NA,Purple leaves,Shrub,NA,Y,1,0,Landsc,NA,NA,NA,NA,NA,NA,NA,NA,NA,NA,NA,NA,NA,NA,NA,NA,NA,NA
Euphorbiaceae,Acalypha,chamaedrifolia,AcaCha,NA,NA,NA,NA,Herb,NA,N,1,1,Roc,NA,NA,NA,NA,NA,Roc,NA,NA,NA,NA,NA,NA,NA,[4only],NA,NA,NA,NA
Euphorbiaceae,Acalypha,hispida,AcaHis,NA,NA,NA,NA,Shrub,NA,Y,0,0,Landsc,NA,NA,NA,NA,NA,NA,NA,NA,NA,NA,NA,NA,NA,NA,NA,NA,NA,NA
Euphorbiaceae,Acalypha,ostryifolia,AcaOst,ACOS,NA,NA,NA,Herb,NA,N,1,1,Weed,NA,NA,L&L,NA,NA,B11,NA,NA,NA,NA,NA,NA,NA,NA,NA,NA,NA,NA
Euphorbiaceae,Acalypha,setosa,AcaSet,ACSE,NA,NA,NA,Herb,NA,N,1,0,Weed,NA,NA,L&L,NA,NA,B15 ,B14,B11,WdDi,NA,NA,NA,NA,NA,NA,NA,NA,NA
Euphorbiaceae,Euphorbia [Chamaesyce/Poinsettia],deltoidea/pinetorum,NA,NA,Species,NA,Either P. pinetorum or C. deltoidea subsp. pinetorum,Herb,NA,N,1,1,Roc,NA,NA,NA,NA,NA,Roc,NA,NA,NA,NA,NA,NA,NA,[4only],NA,NA,NA,NA
Euphorbiaceae,Cnidoscolus,stimulosus,CniSti,CNURS,NA,NA,NA,Herb,NA,N,1,1,Roc,NA,NA,NA,NA,NA,Roc,8235,CentLabs,NA,NA,NA,NA,NA,[4also],NA,NA,NA,NA
Euphorbiaceae,Codiaeum,variegatum,CoVa,FindIt,NA,Variegated croton,NA,Shrub,Tree,Y,0,0,Landsc,NA,NA,NA,NA,NA,8235,CentLabs,NA,NA,NA,NA,NA,NA,NA,NA,NA,NA,NA
Euphorbiaceae,Croton,linearis,CroLin,CRCA29,NA,NA,NA,NA,NA,N,1,1,Roc,NA,NA,NA,NA,NA,Roc,NA,NA,NA,NA,NA,NA,NA,[4only],NA,NA,NA,NA
Euphorbiaceae,Euphorbia [Poincettia] ,cyathophora,EupCya,NA,NA,NA,NA,Herb,NA,N,1,1,Weed,NA,NA,L&L,NA,NA,8235,CentLabs,B11,NA,NA,NA,NA,NA,[4also],NA,NA,NA,NA
Euphorbiaceae,Euphorbia,graminea,EupGra,EUGR6,NA,NA,NA,Herb,NA,N,1,0,Weed,NA,NA,L&L,NA,NA,WdDi,B14H,NWH,NA,NA,NA,NA,NA,[4also],NA,NA,NA,NA
Euphorbiaceae,Euphorbia [Poincettia] ,heterophylla,EupHet,NA,NA,NA,NA,Herb,NA,N,1,1,Weed,NA,NA,Veg,NA,NA,WdDi,B14H,B10,NA,NA,NA,NA,NA,NA,NA,NA,NA,NA
Euphorbiaceae,Euphorbia [Chamaesyce],hirta,ChaHir,CHHI3,NA,Spurge,NA,Herb,NA,N,1,1,Weed,NA,NA,Veg,G&P,NA,WdDi,B14H,NA,NA,NA,NA,NA,NA,[4also],NA,NA,NA,NA
Euphorbiaceae,Euphorbia [Chamaesyce],hyperissifolia,ChaHyp,NA,NA,Spurge,NA,Herb,NA,N,1,1,Weed,NA,NA,L&L,G&P,NA,WdDi,B14H,NA,NA,NA,NA,NA,NA,[4also],NA,NA,NA,NA
Euphorbiaceae,Euphorbia [Chamaesyce],hyssopifolia,ChaHys,CHHY3,NA,Spurge,NA,Herb,NA,N,1,1,Weed,NA,NA,Veg,G&P,NA,WdDi,B11,NA,NA,NA,NA,P,NA,[4also],NA,NA,NA,NA
Euphorbiaceae,Euphorbia,lactea,EupLac,EULA8,NA,NA,NA,Shrub,NA,Y,0,0,Landsc,NA,NA,NA,NA,NA,Wfence,NA,NA,NA,NA,NA,NA,NA,NA,NA,NA,NA,NA
Euphorbiaceae,Euphorbia [Chamaesyce],lasiocarpa,ChaLas,CHLA9,NA,NA,NA,Herb,NA,N,1,0,Roc,NA,NA,NA,NA,NA,Roc,NA,NA,NA,NA,NA,NA,NA,[4only],NA,NA,NA,NA
Euphorbiaceae,Euphorbia [Chamaesyce],mendezii,ChaMen,FindIt,NA,Mendez's sandmat,NA,Herb,NA,N,1,0,Weed,NA,NA,L&L,NA,NA,B15N,B14,B13,NA,NA,NA,NA,NA,NA,NA,NA,NA,NA
Euphorbiaceae,Euphorbia [Chamaesyce],opthalmica,ChaOpt,NA,NA,Florida hammock sandmat; Spurge,NA,Herb,NA,N,1,1,Weed,NA,NA,Veg,G&P,NA,WdDi,B14H,NA,NA,NA,NA,NA,NA,NA,NA,NA,NA,NA
Euphorbiaceae,Euphorbia [Chamaesyce],prostrata,ChaPro,CHPR6,NA,Spurge,NA,Herb,NA,N,1,1,Weed,NA,NA,Veg,G&P,NA,WdDi,B14H,NA,NA,NA,NA,NA,NA,NA,NA,NA,NA,NA
Euphorbiaceae,Euphorbia,milii,EupMil,FindIt,NA,Crown of thorns,NA,Shrub,Herb,Y,1,0,Landsc,NA,NA,NA,NA,NA,B12,8270,StuHsg,NA,NA,NA,NA,NA,NA,NA,NA,NA,NA
Euphorbiaceae,Gymnanthes,lucida,GymLuc,GYLU,NA,Crabwood,NA,Shrub,Tree,N,1,1,Ham,NA,NA,NA,NA,NA,B14H,NA,NA,NA,NA,NA,NA,NA,NA,NA,NA,NA,NA
Euphorbiaceae,Jatropha,curcas,JatCur,JACU2,NA,Physics nut,NA,Tree,Shrub,Y,1,0,Landsc,crop,NA,NA,NA,NA,B14H?,NA,NA,NA,NA,NA,NA,NA,NA,NA,NA,NA,NA
Euphorbiaceae,Jatropha,integerrima,JatInt,JAIN,NA,NA,"Red flowers, fiddle-like leaves",Shrub,Tree,Y,1,0,Landsc,NA,NA,NA,NA,NA,B16c,S.Entr.,NA,NA,NA,NA,NA,NA,NA,JAINI,NA,NA,NA
Euphorbiaceae,Manihot,esculenta,ManEsc,MAES,Species,Cassava,NA,Shrub,Tree,N,1,0,Landsc,crop,Weed,Ham,NA,NA,8267,VergelHome,B14H?,NA,NA,NA,NA,NA,NA,NA,NA,NA,NA
Euphorbiaceae,Ricinus,communis,RicCom,RICO3,NA,NA,NA,Tree,Shrub,N,1,0,weed,NA,NA,L&L,Veg,NA,B14,NA,NA,NA,NA,NA,NA,NA,NA,NA,NA,NA,NA
Euphorbiaceae,Sapium?,NA,NA,FindIt,Genus,NA,"Fruit w/3 deep lobes, 1 fruit/inflo (always terminal); simple, entire leaves",Tree,Shrub,Y,?,?,Landsc,crop?,NA,NA,NA,NA,B15N#16I,NA,NA,NA,NA,NA,1?,H,NA,NA,NA,NA,NA
Euphorbiaceae,Tragia,saxicola,TraSax,TRSA2,NA,Rockland noseburn ,NA,NA,NA,N,1,1,Roc,NA,NA,NA,NA,NA,Roc,NA,NA,NA,NA,NA,NA,NA,[4also],NA,NA,NA,NA
Fabaceae,Abrus,precatorius,AbrPre,ABPR3,NA,NA,NA,Vine,NA,N,1,0,Weed,NA,NA,L&L,Roc,Ham,WdDi,B14H,NWH,NA,NA,NA,NA,NA,NA,NA,NA,NA,NA
Fabaceae,Acacia,auriculiformis,AcaAur,ACAU,NA,NA,NA,Tree,shrub,N,1,0,Weed,NA,NA,Roc,NA,NA,Roc,NA,NA,NA,NA,NA,NA,NA,[4only],NA,NA,NA,NA
Fabaceae,Aeschynomene,americana,AesAme,AEAM,NA,Shyleaf,NA,Herb,NA,N,1,1,Weed,Lawn,NA,L&L,Veg,NA,B7,B4,WdDi,NA,NA,NA,NA,NA,NA,NA,NA,NA,NA
Fabaceae,Aeschynomene,viscidula,AesVis,AEVI,NA,NA,NA,NA,NA,N,1,1,Roc,NA,NA,NA,NA,NA,Roc,NA,NA,NA,NA,NA,NA,NA,[4only],NA,NA,NA,NA
Fabaceae,Albizia,lebbeck,AlbLeb,ALLE,NA,NA,NA,Tree,NA,N,1,0,Weed,NA,NA,L&L,Roc,Ham,Roc,B14H,NA,NA,NA,NA,NA,NA,[4also],NA,NA,NA,NA
Fabaceae,Alysicarpus,vaginalis,AlyVag,ALVA2,NA,NA,NA,Herb,NA,N,1,0,Weed,NA,NA,L&L,Ham,NA,WdDi,B14H,B11,NA,NA,NA,NA,NA,[4also],NA,NA,NA,NA
Fabaceae,Bauhinia,tomentosa,BauTom,NA,NA,NA, NA,Tree,Shrub,Y,0,0,Landsc,NA,NA,NA,NA,NA,NA,NA,NA,NA,NA,NA,NA,NA,NA,NA,NA,NA,NA
Fabaceae,Bauhinia,variegata,BauVar,BAVA,NA,NA,NA,Tree,NA,N,1,0,Landsc,NA,NA,NA,NA,NA,NA,NA,NA,NA,NA,NA,NA,NA,NA,NA,NA,NA,NA
Fabaceae,Caesalspina,granadillo,CaeGra,NA,NA,NA,NA,Tree,NA,Y,0,0,Landsc,NA,NA,NA,NA,NA,NA,NA,NA,NA,NA,NA,NA,NA,NA,NA,NA,NA,NA
Fabaceae,Caesalspina,pulcherrima,CaePul,NA,NA,Mexican bird of paradise,NA,Shrub,NA,?,1,0,Landsc,NA,NA,NA,NA,NA,8252,FrOfc,NA,NA,NA,NA,NA,NA,NA,NA,NA,NA,NA
Fabaceae,Calliandra,tergamina,CalTer,NA,NA,NA,NA,Shrub,Tree,Y,0,0,Landsc,NA,NA,NA,NA,NA,8260,Tchng,NA,NA,NA,NA,H,NA,NA,NA,NA,NA,NA
Fabaceae,Canavalia,brasiliensis,CanBra,CABR21,NA,Brazilian jackbean,Easily mistaken for kudzu,Vine,NA,N,1,0,Weed,Ham,Roc,L&L,Ham,Roc,B15,B14H,Roc,NA,NA,NA,H,NA,[4also],NA,NA,NA,NA
Fabaceae,Centrosema,virginianum,CenVir,CEVI2,NA,NA,NA,Vine,Herb,N,1,1,Roc,NA,NA,NA,NA,NA,Roc,NA,NA,NA,NA,NA,NA,NA,[4only],NA,NA,NA,NA
Fabaceae,Chamaechrista,faciculata,ChaFac,NA,NA,NA,NA,Herb,NA,N,1,1,Native,NA,NA,NA,NA,NA,Roc,NA,NA,NA,NA,NA,NA,NA,[4also],NA,NA,NA,NA
Fabaceae,Crotalaria,juncea,CroJun,CRJU,NA,Sunn hemp,NA,Herb,NA,N,1,0,CropT,NA,NA,NA,NA,NA,B4,B1,NA,NA,NA,NA,NA,NA,NA,NA,NA,NA,NA
Fabaceae,Crotalaria,pallida,CroPal,CRPA10,NA,NA,NA,Herb,NA,N,1,0,Weed,NA,NA,L&L,NA,NA,NA,NA,NA,NA,NA,NA,NA,NA,NA,CRPAO,NA,NA,NA
Fabaceae,Crotalaria,pumila,CroPum,CRPU4,NA,NA,NA,Herb,NA,N,1,1,Roc,NA,NA,NA,NA,NA,Roc,B14H,NA,NA,NA,NA,NA,NA,[4also],NA,NA,NA,NA
Fabaceae,Crotalaria,spectabilis,CroSpe,CRSP2,NA,NA,NA,Herb,NA,N,1,0,Roc,NA,NA,NA,NA,NA,Roc,NA,NA,NA,NA,NA,NA,NA,NA,NA,NA,NA,NA
Fabaceae,Delonix,regia,DelReg,DERE,NA,Royal poinciana,toppled by Irma,Tree,NA,N,1,0,Landsc,Weed,NA,L&L,Ham,NA,B16a,NA,NA,NA,NA,NA,AtTREC?,NA,NA,NA,NA,NA,NA
Fabaceae,Desmanthus,leptophyllus,DesLep,DELE8,NA,Slenderlobe bundleflower,"Occasional, mimosa-like",Herb,NA,N,1,0,Weed,NA,NA,Veg,NA,NA,B3,B14,B1,NA,NA,NA,H,NA,NA,NA,NA,NA,NA
Fabaceae,Desmodium,incanum,DesInc,DEIN3,NA,NA,NA,Herb,NA,N,1,0,Weed,NA,NA,L&L,NA,NA,B14H,NWH,NA,NA,NA,NA,NA,NA,[4also],DEINI3,NA,NA,NA
Fabaceae,Desmodium,sp.,DesSp.,DESMO,Species,NA,NA,NA,NA,N,1,?,NA,NA,NA,NA,NA,NA,Roc,NA,NA,NA,NA,NA,NA,NA,[4only],NA,NA,NA,NA
Fabaceae,Desmodium,tortuosum,DesTor,DETO,NA,NA,NA,Herb,NA,N,1,0,Weed,NA,NA,Veg,L&L,NA,NA,NA,NA,NA,NA,NA,NA,NA,[4also],NA,NA,NA,NA
Fabaceae,Desmodium,triflorum,DesTri,DETR4,NA,NA,NA,Herb,NA,N,1,0,Lawn,Weed,NA,L&L,NA,NA,Lawns,WdDi,B14H,NWH,NA,NA,NA,NA,[4also],NA,NA,NA,NA
Fabaceae,Enterolobium,contortisiliqum,EntCon,NA,Species,Ear-tree,NA,Tree,NA,?,1,0,Landsc,NA,NA,NA,NA,NA,NA,NA,NA,NA,NA,NA,NA,NA,NA,NA,NA,NA,NA
Fabaceae,Erythrina,herbacea,EryHer,ERHE4,Species,Coralbean,Lone immature plant,Herb,Shrub,N,1,1,Ham,NA,NA,NA,NA,NA,B14H,NA,NA,NA,NA,NA,NA,NA,NA,NA,NA,NA,NA
Fabaceae,Indigofera,spicata,IndSpi,INHE3,NA,NA,NA,Herb,NA,N,1,0,Landsc,Lawn,Weed,L&L,NA,NA,Lawns,B10dump,WdDi,NA,NA,NA,P,NA,[4also],NA,NA,NA,NA
Fabaceae,Indigofera,suffruticosa,IndSuf,INSU,NA,NA,NA,Shrub,Herb,N,1,0,Roc,NA,NA,NA,NA,NA,Roc,NA,NA,NA,NA,NA,NA,NA,NA,NA,NA,NA,NA
Fabaceae,Leucania,leucocephala,LeuLeu,NA,NA,NA,NA,Tree,Shrub,N,1,0,Weed,NA,NA,Roc,NA,NA,Roc,B14H,NA,NA,NA,NA,NA,NA,NA,NA,NA,NA,NA
Fabaceae,Lysiloma,latisiliquum,LysLat,LYLA3,NA,NA,NA,Tree,NA,N,1,1,Landsc,Ham,Native,NA,NA,NA,B14H,NWH,NA,NA,NA,NA,NA,NA,[4also],NA,NA,NA,NA
Fabaceae,Macroptilium,lathyroides,MacLat,MALA9,NA,NA,NA,Herb,Vine,N,1,0,Weed,NA,NA,Veg,NA,NA,WdDi,NA,NA,NA,NA,NA,P,PestHost,NA,NA,NA,NA,NA
Fabaceae,Medicago,lupulina,MedLup,MELU,NA,NA,Cool season annual,Herb,NA,N,1,0,Weed,NA,NA,Veg,L&L,NA,WdDi,NA,NA,NA,NA,NA,NA,NA,NA,NA,NA,NA,NA
Fabaceae,Melilotus,alba,MelAlb,MEOF,NA,NA,NA,Herb,NA,N,1,0,Weed,NA,NA,Veg,NA,NA,NA,NA,NA,NA,NA,NA,NA,NA,NA,NA,NA,NA,NA
Fabaceae,Millettia [Pongamia],pinnata,MilPin,NA,NA,"Pongam, energy tree",NA,Tree,NA,?,1,0,Landsc,CropP?,NA,NA,NA,NA,B11,NA,NA,NA,NA,NA,NA,NA,[3],NA,NA,NA,NA
Fabaceae,NA,sp.,NA,NA,Genus,NA,"Tamarind-like, prickly",Tree,NA,?,0,0,Landsc,NA,NA,NA,NA,NA,NA ,NA,NA,NA,NA,NA,H,1,NA,NA,NA,NA,NA
Fabaceae,Neptunia,pubescens,NepPub,NEPU3,NA,NA,NA,NA,NA,N,1,1,Roc,NA,NA,NA,NA,NA,Roc,NA,NA,NA,NA,NA,NA,NA,[4only],NEPUP,NA,NA,NA
Fabaceae,Phaseolus,vulgaris,PhaVul,PHVU,NA,Snap bean,NA,Herb,NA,?,1,0,CropT,NA,NA,NA,NA,NA,NA,NA,NA,NA,NA,NA,NA,NA,NA,NA,NA,NA,NA
Fabaceae,Piscidia,piscipula,PisPis,PIPI3,NA,"Fishpoison tree, Jamaican dogwood",NA,Tree,Shrub,N,1,1,Landsc,Ham,Roc,NA,NA,NA,8267,VergelHome,NA,NA,NA,NA,1,NA,NA,NA,NA,NA,NA
Fabaceae,Pithecellobium,dulce,PitDul,PIDU,NA,NA,"~3 40' trees, just N of  irrigation building",Tree,NA,N,1,0,Landsc,CropP?,NA,NA,NA,NA,B15N,NA,NA,NA,NA,NA,NA,NA,NA,NA,NA,NA,NA
Fabaceae,Poitea [Sabinia],carinalis,PoiCar,NA,NA,NA,NA,Tree,NA,Y,0,0,Landsc,NA,NA,NA,NA,NA,NA,NA,NA,NA,NA,NA,H,NA,NA,NA,NA,NA,NA
Fabaceae,Pueraria,montana lobata,PueMon,PUMO,NA,Kudzu,NA,Vine,NA,N,1,0,Weed,NA,NA,Roc,NA,NA,Roc,B14H?,NWH?,NA,NA,NA,NA,NA,[4also],PUMOL,NA,NA,NA
Fabaceae,Rhynchosia,minima,RhyMin,RHMI4,NA,Snout bean,NA,Vine,NA,N,1,1,Weed,Roc,Ham,L&L,NA,NA,WdDi,B4,NA,NA,NA,NA,NA,NA,[4also],NA,NA,NA,NA
Fabaceae,Rhynchosia,reniformis,RhyRen,RHRE,NA,NA,1-leaflet leaves,Herb,NA,N,1,1,Roc,Native,NA,NA,NA,NA,Roc,NA,NA,NA,NA,NA,NA,NA,[4also],NA,NA,NA,NA
Fabaceae,Senna,ligustrina,SenLig,SELI9,NA,NA,NA,Shrub,NA,N,1,1,Roc,NA,NA,NA,NA,NA,Roc,NA,NA,NA,NA,NA,NA,NA,[4only],NA,NA,NA,NA
Fabaceae,Senna,mexicana,SenMex,SEME4,NA,NA,NA,Shrub,NA,N,1,1,Landsc,Native,NA,NA,NA,NA,B14H,NA,NA,NA,NA,NA,NA,NA,NA,SEMEC,NA,NA,NA
Fabaceae,Senna,obtusifolia,SenObt,SEOB4,NA,"Coffeeweed, sicklepod",NA,Herb,NA,N,1,1,Weed,NA,NA,L&L,NA,NA,B16a,NA,NA,NA,NA,NA,NA,NA,NA,NA,NA,NA,NA
Fabaceae,Senna,polyphylla,SenPol,NA,NA,NA,NA,Tree,Shrub,Y,0,0,Landsc,NA,NA,NA,NA,NA,NA,NA,NA,NA,NA,NA,AtTREC?,NA,NA,NA,NA,NA,NA
Fabaceae,Senna,surattensis,SenSur,SESU4,NA,NA,NA,Tree,Shrub,?,1,0,Landsc,NA,NA,NA,NA,NA,8269,StuHsng,NA,NA,NA,NA,NA,NA,NA,NA,NA,NA,NA
Fabaceae,Sophora,sp.,SopSp.,SOPHO,Genus,NA,NA,Shrub,NA,N,?,?,Landsc,NA,NA,NA,NA,NA,8216,PltClnc,B14H,NA,NA,NA,AtTREC?,NA,NA,NA,NA,NA,NA
Fabaceae,Stylosanthes ,hamata,StyHam,NA,NA,NA,NA,Herb,NA,N,1,1,Weed,Lawn,NA,L&L,Ham,NA,B14H,WdDi,NA,NA,NA,NA,NA,NA,[4also],NA,NA,NA,NA
Fabaceae,Tamarindus,indica,TamInd,TAIN2,NA,Tamarind,Includes sweet tamarind,Tree,NA,?,1,0,Landsc,CropP,NA,NA,NA,NA,B16,B15,NA,NA,NA,NA,NA,NA,NA,NA,NA,NA,NA
Fabaceae,Trifolium,sp.,NA,NA,Species,Clover,In new sod; most likely T. repens (white clover),Herb,NA,N,1,?,Weed,Lawn,NA,L&L,NA,NA,8235,CentLabs,NA,NA,NA,NA,NA,NA,NA,NA,NA,NA,NA
Fagaceae,Quercus,virginiana,QueVir,QUVI,NA,Live oak,NA,Tree,NA,N,1,1,Roc,Ham,Native,NA,NA,NA,Roc,B14H,NA,NA,NA,NA,NA,NA,[4also],QUGE2,QUMI2,NA,NA
Geraniaceae,Geranium ,carolinianum,GerCar,FindIt,NA,Carolina cranesbill,NA,Herb,NA,N,1,1,Weed,NA,NA,L&L,NA,NA,B14NC,NA,NA,NA,NA,NA,NA,NA,NA,NA,NA,NA,NA
Heliconiaceae,Heliconia,nr. acuminata,HelNr.Acu,NA,Species,NA,"Orange, but no red, on fls",Herb,Shrub,Y,0,0,Landsc,NA,NA,NA,NA,NA,8260,Tchng,NA,NA,NA,NA,NA,NA,NA,NA,NA,NA,NA
Heliconiaceae,Heliconia,rostrata,HelRos,HERO7,NA,NA,NA,Herb,Shrub,Y,0,0,Landsc,NA,NA,NA,NA,NA,8257,Ento,NA,NA,NA,NA,NA,NA,NA,NA,NA,NA,NA
Hemorocallidaceae,Dianella,ensifolia/madagascarensis,DiaSp.,NA,Species,Flax lily,Fls in panicles,Herb,NA,Y,?,0,Landsc,NA,NA,NA,NA,NA,8216,PltClnc,NA,NA,NA,NA,NA,NA,NA,NA,NA,NA,NA
Hydrophyllaceae,Nama,jamaicensis,NamJam,NA,NA,NA,NA,Herb,NA,N,1,0,Weed,NA,NA,L&L,Veg,NA,WdDi,NA,NA,NA,NA,NA,H,P,NA,NA,NA,NA,NA
Iridaceae,Dietes,bicolor,NA,FindIt,NA,NA,NA,Herb,NA,Y,0,0,Landsc,NA,NA,NA,NA,NA,8252,FrOfc,NA,NA,NA,NA,NA,NA,NA,NA,NA,NA,NA
Lamiaceae,Callicarpa,americana,CalAme,CAAM2,NA,NA,NA,Shrub,Herb,N,1,1,Roc,NA,NA,NA,NA,NA,Roc,NA,NA,NA,NA,NA,NA,NA,[4only],NA,NA,NA,NA
Lamiaceae,Ocimum ,basilicum,OciBas,NA,NA,Basil,NA,Herb,NA,?,1,0,CropT,NA,NA,NA,NA,NA,NA,NA,NA,NA,NA,NA,NA,NA,NA,NA,NA,NA,NA
Lamiaceae,Salvia,occidentalis,SalOcc,SAOC5,NA,West Indian sage,NA,Herb,Vine,N,1,1,Weed,NA,NA,L&L,NA,NA,WdDi,B14H,NWH,NA,NA,NA,H,NA,NA,NA,NA,NA,NA
Lamiaceae,Scutellaria,havanensis,ScuHav,SCHA6,NA,NA,NA,Herb,NA,N,1,1,Roc,NA,NA,NA,NA,NA,Roc,NA,NA,NA,NA,NA,NA,NA,[4also],NA,NA,NA,NA
Lamiaceae,Vitex,glabrata,VitGla,VIGL2,Species,Smooth chastetree,Rare,Tree,Shrub,N,1,0,Ham,NA,NA,NA,NA,NA,B14H,NA,NA,NA,NA,NA,NH,NA,NA,NA,NA,NA,NA
Lauraceae,Danburneya [Ocotea],coriacea,DanCor,FindIt,NA,Lancewood,NA,Shrub,Tree,N,1,1,Ham,NA,NA,NA,NA,NA,B14H,NA,NA,NA,NA,NA,NA,NA,NA,NA,NA,NA,NA
Lauraceae,Cassytha,filiformis,CasFil,CAFI4,NA,NA,Resembles dodder,Vine,NA,N,1,1,Roc,NA,NA,NA,NA,NA,Roc,NA,NA,NA,NA,NA,NA,NA,[4also],NA,NA,NA,NA
Lauraceae,Persea,americana,PerAme,PEAM3,NA,Avocado,NA,Tree,NA,?,1,0,CropP,NA,NA,NA,NA,NA,B15,B14,B11,B4,NA,NA,NA,NA,[3],NA,NA,NA,NA
Lecythidaceae,Coroupita,guianensis,CorGui,NA,NA,Cannon-ball tree,NA,Tree,NA,Y,0,0,Landsc,NA,NA,NA,NA,NA,8215,Shop,NA,NA,NA,NA,NA,NA,NA,NA,NA,NA,NA
Linderniaceae,Torenia [Linderna],crustacea,LinCru,NA,NA,NA,NA,Herb,NA,N,1,0,Lawn,Weed,NA,L&L,NA,NA,8223,EastLabs,NA,NA,NA,NA,NA,NA,NA,NA,NA,NA,NA
Loganiaceae [Strychnaceae],Spigelia,anthelmia,SpiAnt,SPAN4,NA,NA,NA,Herb,NA,N,1,1,Weed,NA,NA,Veg,WdDi,NA,WdDi,B14H,NA,NA,NA,NA,NA,NA,[4also],NA,NA,NA,NA
Lythraceae,Lagerstroemia,speciosa,LagSpe,NA,NA,NA,NA,Tree,NA,Y,0,0,Landsc,NA,NA,NA,NA,NA,NA,NA,NA,NA,NA,NA,1,NA,NA,NA,NA,NA,NA
Malpighiaceae,Byrsonima,lucida,ByrLuc,BYLU,NA,Long key locust berry,NA,Shrub,Tree,N,1,1,Landsc,NA,NA,NA,NA,NA,8216?,PltClnc?,NA,NA,NA,NA,NA,NA,[4also],NA,NA,NA,NA
Malpighiaceae,Galphima,glauca,GalGla,NA,NA,Thriallis,NA,Shrub,Tree,Y,1,0,Landsc,NA,NA,NA,NA,NA,8266,SoilSci,NA,NA,NA,NA,NA,NA,NA,NA,NA,NA,NA
Malpighiaceae,NA,NA,NA,NA,Genus,NA,"Yellow flowers in May, June",Shrub,Tree,Y,?,?,Landsc,NA,NA,NA,NA,NA,B15N#17I,NA,NA,NA,NA,NA,1?,Make H,NA,NA,NA,NA,NA
Malvaceae,Abelmoscus,esculentus,AbeEsc,NA,NA,Okra,NA,Herb,NA,N,1,0,CropT,NA,NA,NA,NA,NA,B1,NA,NA,NA,NA,NA,NA,NA,NA,NA,NA,NA,NA
Malvaceae,Ayenia,euphrasifolia,AyeEup,NA,NA,NA,NA,NA,NA,N,1,1,Roc,NA,NA,NA,NA,NA,Roc,NA,NA,NA,NA,NA,NA,NA,[4only],NA,NA,NA,NA
Malvaceae,Dombeya,wallichii,DouWal,NA,NA,NA,NA,Shrub,Tree,Y,0,0,Landsc,NA,NA,NA,NA,NA,8253,Wlabs,NA,NA,NA,NA,NA,NA,NA,NA,NA,NA,NA
Malvaceae,Hibiscus,sp.,HibSp.,HIBIS2,Species,Hibiscus,NA; Check,Shrub,Tree,Y,?,?,Landsc,NA,NA,NA,NA,NA,B12,HsgTrlr,NA,NA,NA,NA,NA,NA,NA,NA,NA,NA,NA
Malvaceae,Sida,ulmifolia,SidUlm,SIAN5,NA,Common fanpetals ,NA,Herb,NA,N,1,1,Weed,NA,NA,NA,NA,NA,L&L,Veg,WdDi,B14H,NA,NA,NA,NA,[4also],NA,NA,NA,NA
Malvaceae,~Urena,NA,NA,NA,Family,NA,SW cor of Roc (not Suc),Herb,NA,N,?,?,Roc,NA,NA,NA,NA,NA,Roc,NA,NA,NA,NA,NA,NA,NA,NA,NA,NA,NA,NA
Melastomataceae,Micona [Tetrazygia],bicolor,TetBic,TEBI,NA,NA,NA,Shrub,Tree,N,1,1,Roc,Native,NA,NA,NA,NA,Roc,NA,NA,NA,NA,NA,NA,NA,[4also],NA,NA,NA,NA
Melastomataceae,Tibouchina,nr. lepota,NA,NA,Species,NA,"Showy, deep purple flowers",Herb,Shrub,Y,0,0,Landsc,NA,NA,NA,NA,NA,8252,FrOfc,NA,NA,NA,NA,NA,NA,NA,NA,NA,NA,NA
Meliaceae,Azadirachta,indica,AzaInd,NA,NA,Neem tree,NA,Tree,Shrub,Y,0,0,CropP,Landsc,NA,NA,NA,NA,B15N,NA,NA,NA,NA,NA,NA,NA,NA,NA,NA,NA,NA
Meliaceae,Swietenia,mahagoni,SwiMah,NA,NA,West Indian mahogany,NA,Tree,NA,N,1,1,Ham,NA,NA,NA,NA,NA,B14H,NA,NA,NA,NA,NA,NA,NA,NA,NA,NA,NA,NA
Moraceae,Artocarpus,heterophyllus,ArtHet,NA,NA,Jackfruit,NA,Tree,NA,Y,0,0,CropP,NA,NA,NA,NA,NA,B15S,NA,NA,NA,NA,NA,NA,NA,NA,NA,NA,NA,NA
Moraceae,Brosemum,alicastrum,BroAli,NA,NA,Breadnut,NA,Tree,NA,N,1,0,Landsc,NA,NA,NA,NA,NA,8245,ChemStrg,NA,NA,NA,NA,H,NA,NA,NA,NA,NA,NA
Moraceae,Ficus,aurea,FicAur,FIAU,NA,NA,NA,Tree,NA,N,1,1,Native,Ham,NA,NA,NA,NA,B14H,NA,NA,NA,NA,NA,NA,NA,NA,NA,NA,NA,NA
Moraceae,Ficus,benjamina,FicBen,FIBE,NA,NA,NA,Tree,Shrub,Y,1,0,CropP,Landsc,NA,NA,NA,NA,8267,VergelHome,B11,NA,NA,NA,NA,NA,NA,NA,NA,NA,NA
Moraceae,Ficus,microcarpa,FicMic,FIMI2,NA,NA,Mislabeled F. aurea; incl. subsp. fuyuensis ,Tree,NA,N,1,0,Landsc,Weed,NA,L&L,G&P,NA,B15,NA,NA,NA,NA,NA,NA,NA,[4also],FITH2,NA,NA,NA
Moraceae,Ficus,religiosa,FicRel,FIRE3,NA,Bo tree,NA,Tree,NA,N,1,0,Landsc,NA,NA,NA,NA,NA,NA,NA,NA,NA,NA,NA,NA,NA,[4also],NA,NA,NA,NA
Moraceae,Pseudaramomis ,umbellifera ,NA,NA,Order,NA,Probably a fruit tree (20'); Check,Tree,Shrub,Y,?,?,Landsc,CropP?,NA,NA,NA,NA,B15N#6E,NA,NA,NA,NA,NA,1?,NA,[8],NA,NA,NA,NA
Musaceae,Musa,x paridisiaca,MusNAPar,NA,NA,Banana,NA,Tree,Shrub,Y,1,0,CropP,NA,NA,NA,NA,NA,B11,NA,NA,NA,NA,NA,NA,NA,[3],NA,NA,NA,NA
Musaceae,Ravanella,madigascarensis,RavMad,NA,NA,Traveler palm,NA,Tree,Shrub,Y,0,0,Landsc,NA,NA,NA,NA,NA,8266,SoilSci,NA,NA,NA,NA,1,NA,NA,NA,NA,NA,NA
Myricaceae,Morella [Myrica],cerifera,MyrCer,MOCE2,NA,NA,NA,Shrub,Tree,N,1,1,Landsc,NA,NA,NA,NA,NA,8260,Tchng,NA,NA,NA,NA,NA,NA,NA,NA,NA,NA,NA
Myrsinaceae,Ardisia,elliptica,ArdEll,AREL4,Species,NA,NA,Shrub,NA,N,1,0,Roc,NA,NA,NA,NA,NA,NA,NA,NA,NA,NA,NA,NA,NA,[4also],NA,NA,NA,NA
Myrsinaceae,Ardisia,escallionoides,ArdEsc,NA,NA,Marlberry,NA,Shrub,NA,N,1,1,Ham,NA,NA,NA,NA,NA,B14H,NA,NA,NA,NA,NA,NA,NA,[4also],NA,NA,NA,NA
Myrsinaceae [Primulaceae],Lysimachia [Anagallis],arvensis,AnaArv,ANAR,NA,NA,NA,Herb,NA,N,1,0,Weed,NA,NA,Veg,NA,NA,WdDi,NA,NA,NA,NA,NA,NA,NA,NA,ANARA7,NA,NA,NA
Myrsinaceae,Myrsine,cubana,MyrCub,MYCU2,NA,NA,NA,Tree,Shrub,N,1,1,Roc,NA,NA,NA,NA,NA,Roc,NA,NA,NA,NA,NA,NA,NA,[4only],NA,NA,NA,NA
Myrtaceae,Calyptranthes,pallens,CalPal,FindIt,NA,"Pale lidflower, spicewood",NA,Tree,Shrub,N,1,1,Ham,NA,NA,NA,NA,NA,B14H,NA,NA,NA,NA,NA,NA,NA,NA,NA,NA,NA,NA
Myrtaceae,Eugenia,aggregata,EugAgg,NA,NA,Rio Grande cherry,NA,Tree,Shrub,Y,0,0,Landsc,NA,NA,NA,NA,NA,B15N,NA,NA,NA,NA,NA,NA,NA,[8],NA,NA,NA,NA
Myrtaceae,Eugenia,axillaris,EugAxi,EUAX,NA,White stopper,NA,Tree,Shrub,N,1,1,Landsc,Ham,NA,NA,NA,NA,B14H,Roc,NA,NA,NA,NA,NA,NA,[4also],NA,NA,NA,NA
Myrtaceae,Eugenia,brasiliensis ,EugBra,NA,NA,"Brazilian cherry, grumichama",NA,Tree,Shrub,Y,0,0,Landsc,NA,NA,NA,NA,NA,B15N,NA,NA,NA,NA,NA,NA,NA,[8],NA,NA,NA,NA
Myrtaceae,Eugenia,confusa,EugCon,EUCO4,NA,NA,NA,Tree,Shrub,?,1,1,Roc,NA,NA,NA,NA,NA,Roc,NA,NA,NA,NA,NA,NA,NA,[4only],NA,NA,NA,NA
Myrtaceae,Eugenia,foetida,EugFoe,EUFO3,NA,NA,NA,Shrub,Tree,N,1,1,Landsc,NA,NA,NA,NA,NA,8255,Storage,8216?,PltClnc?,B14H?,NA,NA,NA,NA,EURH,NA,NA,NA
Myrtaceae,Eugenia,luschnathiana,EugLus,NA,NA,NA,"Confirmed with fruit, lvs, branches on UF herbarium & Google-srch sites",Shrub,Tree,Y,0,0,Landsc,NA,NA,NA,NA,NA,B15N,NA,NA,NA,NA,NA,NA,NA,[8],NA,NA,NA,NA
Myrtaceae,Eugenia,sp.,EugSp.,EUGEN,Species,NA,Resembles E. rhombia,NA,NA,?,?,?,Landsc,NA,NA,NA,NA,NA,8266,SoilSci,NA,NA,NA,NA,NA,NA,NA,NA,NA,NA,NA
Myrtaceae,Eugenia,uniflora,EugUni,EUUN2,NA,NA,NA,Shrub,Tree,N,1,0,Landsc,NA,NA,NA,NA,NA,B15,B14H?,NA,NA,NA,NA,NA,NA,NA,NA,NA,NA,NA
Myrtaceae,Eugenia,vuehlo,EugVue,NA,NA,NA,No corroborative info was found in a search of the internet or herbarium specs 5-30-18,Tree,Shrub,Y,0,0,Landsc,NA,NA,NA,NA,NA,B15N,NA,NA,NA,NA,NA,NA,NA,[8],NA,NA,NA,NA
Myrtaceae,Melaleuca,citrinus/viminalis,MelVim,NA,Species,NA,NA,Tree,NA,Y,1,0,Landsc,NA,NA,NA,NA,NA,8216,PltClnc,NA,NA,NA,NA,1?,NA,NA,NA,NA,NA,NA
Myrtaceae,Myrcianthes,fragrans,MyrFra,MYFR,NA,NA,NA,Shrub,Tree,?,1,1,Landsc,NA,NA,NA,NA,NA,8219,Hydrology,NA,NA,NA,NA,H,NA,[4also],NA,NA,NA,NA
Myrtaceae,Myrciaria ,cauliflora,MyrCau,NA,NA,"Brazilian grape tree,  jabuticaba",2 plants at TREC; confirmed fruits & leaves w/ my &internet photos,Shrub,Tree,Y,0,0,CropP,Landsc,NA,NA,NA,NA,B15N#4H,B15N#5H,NA,NA,NA,NA,NA,NA,[8],NA,NA,NA,NA
Myrtaceae,Myrciaria ,floribunda,MyrFlo,NA,NA,guava berry,NA,Tree,Shrub,Y,0,0,CropP,Landsc,NA,NA,NA,NA,B15N,B15S,NA,NA,NA,NA,NA,NA,[1],NA,NA,NA,NA
Myrtaceae,Myrciaria ,glomerata,MyrGlo,NA,NA,NA,NA,Shrub,Tree,Y,0,0,Landsc,CropP,NA,NA,NA,NA,B15N#2H,NA,NA,NA,NA,NA,1,NA,[8],NA,NA,NA,NA
Myrtaceae,Pimenta,dioica,PimDio,NA,NA,Allspice,NA,Tree,Shrub,?,1,0,Landsc,NA,NA,NA,NA,NA,B15N,NA,NA,NA,NA,NA,NA,NA,NA,NA,NA,NA,NA
Myrtaceae,Pimenta,racemosa,PimRac,NA,NA,"Bay rum, West indian bay",NA,Tree,Shrub,?,0,0,Landsc,NA,NA,NA,NA,NA,B15N#7I,NA,NA,NA,NA,NA,1?,NA,NA,NA,NA,NA,NA
Myrtaceae,Psidium ,cattleianum ,PsiCat,NA,NA,Cattley guava,NA,Tree,Shrub,N,1,0,CropP,Landsc,NA,NA,NA,NA,B15,NA,NA,NA,NA,NA,NA,NA,[1],NA,NA,NA,NA
Myrtaceae,Psidium ,friedrichsthalianum ,PsiFri,NA,NA,NA,NA,Tree,Shrub,Y,0,0,CropP,Landsc,NA,NA,NA,NA,B15S,NA,NA,NA,NA,NA,NA,NA,[1],NA,NA,NA,NA
Myrtaceae,Psidium ,guajava,PsiGua,NA,NA,Guava,NA,Tree,Shrub,N,1,0,CropP,Landsc,NA,NA,NA,NA,B4,B15,NA,NA,NA,NA,NA,NA,NA,NA,NA,NA,NA
Myrtaceae,Syzygium ,cumini/cumili,SyzSp.,FindIt,Species,NA,Check fls on herb spec; Check,Tree,Shrub,?,?,?,CropP,Landsc,Weed,Roc,NA,NA,B13,Roc,B14H,B15 #30A,B15 #29A,B15 #28A,H,NA,NA,NA,NA,NA,NA
Myrtaceae,Syzygium ,samarangense,SyzSam,NA,NA,Wax jambu,NA,Tree,Shrub,Y,0,0,CropP,Landsc,NA,NA,NA,NA,B15,NA,NA,NA,NA,NA,NA,NA,[1],NA,NA,NA,NA
Nephrolepidaceae,Nephrolepis,brownei,NepBro,NA,NA,Asian sword fern,NA,Herb,NA,N,1,0,Landsc,Epiph,NA,NA,NA,NA,NA,NA,NA,NA,NA,NA,NA,NA,NA,NA,NA,NA,NA
Nephrolepidaceae,Nephrolepis,cordifolia,NepCor,NECO3,NA,Tuberous sword fern,NA,Herb,NA,N,1,0,Landsc,Epiph,Weed,L&L,Epi,NA,NA,NA,NA,NA,NA,NA,NA,NA,NA,NA,NA,NA,NA
Nephrolepidaceae,Nephrolepis,exaltata,NepExa,NEEX,NA,Boston sword fern,NA,Herb,NA,N,1,1,Landsc,Epiph,Weed,L&L,Epi,NA,B16a,8255,8256,NA,NA,NA,NA,NA,NA,NEEXE,NA,NA,NA
Nephrolepidaceae,Nephrolepis,falcata,NepFal,NEFA,NA,Fishtail sword fern,NA,Herb,NA,?,1,0,Landsc,NA,NA,NA,NA,NA,8253,8254,8256,8257,NA,NA,NA,NA,NA,NA,NA,NA,NA
Nyctaginaceae,Boerhavia,diffusa,BoeDif,BODI3,NA,NA,NA,Herb,NA,N,1,1,Weed,NA,NA,L&L,NA,NA,WdDi,NA,NA,NA,NA,NA,NA,NA,NA,NA,NA,NA,NA
Nyctaginaceae,Boerhavia,erecta,BoeEre,BOER,NA,NA,NA,Herb,NA,N,1,1,Weed,NA,NA,Veg,NA,NA,WdDi,B14,NA,NA,NA,NA,NA,NA,NA,NA,NA,NA,NA
Nyctaginaceae,Bougainvillea,sp.,BouSp.,BOUGA,Species,NA,NA,Vine,Shrub,Y,0,0,Landsc,NA,NA,NA,NA,NA,NA,NA,NA,NA,NA,NA,NA,NA,NA,NA,NA,NA,NA
Oleaceae,Forestiera,segregata,ForSeg,FOSE,NA,NA,NA,Shrub,Tree,N,1,1,Roc,Ham,Landsc,NA,NA,NA,WdDi,B14H?,B13,NA,NA,NA,NA,NA,[4also],FOSEP,FOSES,NA,NA
Oleaceae,Jasminum,dichotomum,JasDic,JADI2,NA,Gold coast jasmine ,NA,Vine,Shrub,N,1,0,Weed,NA,NA,L&L,NA,NA,WdDi,B14H,NWH,B4,NA,NA,PestHost,NA,[4also],NA,NA,NA,NA
Oleaceae,Jasminum,fluminense,JasFlu,JAFL,NA,Brazilian jasmine ,NA,Vine,NA,N,1,0,Weed,NA,NA,L&L,NA,NA,WdDi,B14H,NWH,B4,B15,NA,PestHost,NA,[4also],NA,NA,NA,NA
Onagraceae,Oenothera,laciniata,OenLac,OELA,NA,Cutleaf evening primrose,NA,Herb,NA,N,1,1,Weed,NA,NA,Veg,NA,NA,WdDi,NA,NA,NA,NA,NA,NA,NA,NA,OEGR2,NA,NA,NA
Orchidaceae,Cattleya,sp.,NA,FindIt,Genus,NA,NA,Herb,NA,Y,?,?,Landsc,NA,NA,NA,NA,NA,On Lysiloma,8257,Ento,NA,NA,NA,NA,NA,NA,NA,NA,NA,NA
Orchidaceae,NA,sp.,NA,NA,Genus,NA,"Inflo thick, spikelike; colored bracts",Herb,NA,Y,?,?,Landsc,NA,NA,NA,NA,NA,8216,PltClnc,NA,NA,NA,NA,NA,NA,NA,NA,NA,NA,NA
Orchidaceae,Encyclia,tampensis,EncTam,FindIt,NA,Florida butterfly orchid,"1"" pseudobulbs, 6"" linear leaves",Herb,NA,N,1,1,Landsc,Epiph,Native,NA,NA,NA,On Dypsis trunk,8252,8253,Breezeway,NA,NA,NA,NA,NA,NA,NA,NA,NA
Orchidaceae,Epidendrum/Vanilla,sp.,NA,NA,Genus,NA,~giant epidendrum,Herb,NA,Y,?,?,Landsc,NA,NA,NA,NA,NA,8216,PltClnc,NA,NA,NA,NA,NA,NA,NA,NA,NA,NA,NA
Orchidaceae,Oeceoclades,maculata,OecMac,OEMA2,NA,NA,NA,Herb,NA,N,1,0,Weed,NA,NA,L&L,NA,NA,NA,WdDi,B14H,NA,NA,NA,NA,NA,[4also],NA,NA,NA,NA
Orchidaceae,Oncidium,sphacelatum/altissimum,NA,NA,Species,,NA,Herb,NA,Y,?,?,Landsc,NA,NA,NA,NA,NA,8257,Ento,NA,NA,NA,NA,NA,NA,NA,NA,NA,NA,NA
Orchidaceae,Phaius,sp.,NA,NA,Species,NA,"Clumping, 4-6"" bulbs; plicate leaves",Herb,NA,Y,0,0,Landsc,NA,NA,NA,NA,NA,8216,PltClnc,NA,NA,NA,NA,NA,NA,NA,NA,NA,NA,NA
Orchidaceae,Phalaenopsis,amabilis,NA,NA,Species,Orchid,"White flowers (~4"" diam); incls 'Queen of hearts';",Herb,NA,Y,0,0,Landsc,NA,NA,NA,NA,NA,On Dypsis trunk,8252,8253,Breezeway,NA,NA,NA,NA,NA,NA,NA,NA,NA
Orchidaceae,Phalaenopsis,sp.,NA,NA,Species,Orchid,"Yellow flowers (~4"" diam); red in center and some red on petals",Herb,NA,Y,0,0,Landsc,NA,NA,NA,NA,NA,On Dypsis trunk,8252,8253,Breezeway,NA,NA,NA,NA,NA,NA,NA,NA,NA
Orchidaceae,Phalaenopsis,sp.,NA,NA,Species,Orchid,"Red flowers (~2-3"" diam)",Herb,NA,Y,0,0,Landsc,NA,NA,NA,NA,NA,On Dypsis trunk,8252,8253,Breezeway,NA,NA,NA,NA,NA,NA,NA,NA,NA
Orchidaceae,~Ploedia,purpurea,PloPur,NA,Genus,NA,"Terrestrial, purple flowers",Herb,NA,Y,?,?,Landsc,NA,NA,NA,NA,NA,NA,NA,NA,NA,NA,NA,AtTREC?,NA,PamMoon,NA,NA,NA,NA
Orchidaceae,Prosthechea,radiata,ProRad,NA,NA,NA,NA,Herb,NA,Y,0,0,Landsc,NA,NA,NA,NA,NA,On Dypsis trunk,8252,8253,Breezeway,NA,NA,NA,NA,NA,NA,NA,NA,NA
Orchidaceae,Vanilla,barbellata/ dilloniana,NA,NA,Species,Worm-vine orchid,NA,Herb,NA,Y,?,?,Landsc,NA,NA,NA,NA,NA,8216,PltClnc,NA,NA,NA,NA,NA,NA,NA,NA,NA,NA,NA
Orobanchaceae,Buchnera,americana,BucAme,BUAM,NA,NA,NA,Herb,NA,N,1,1,Roc,NA,NA,NA,NA,NA,Roc,NA,NA,NA,NA,NA,NA,NA,[4only],NA,NA,NA,NA
Oxalidaceae,Averrhoa,carambola,AveCar,NA,NA,Starfruit or carambola,NA,Tree,Shrub,Y,0,0,CropP,NA,NA,NA,NA,NA,B15,B11,NA,NA,NA,NA,NA,NA,[3],NA,NA,NA,NA
Oxalidaceae,Oxalis,corniculata,OxaCor,OXCO,NA,Woodsorrel,NA,Herb,NA,N,1,1,Weed,NA,NA,L&L,G&P,NA,WdDi,B14H,NWH,NA,NA,NA,NA,NA,[4also],OXDI2,OXPRT,NA,NA
Oxalidaceae,Oxalis,debilis,OxaDeb,NA,NA,Woodsorrel,NA,Herb,NA,N,1,0,Weed,NA,NA,L&L,NA,NA,B15N,NA,NA,NA,NA,NA,NA,NA,NA,NA,NA,NA,NA
Oxalidaceae,Oxalis,latifolia [intermedia],OxaLat,NA,NA,Woodsorrel,NA,Herb,NA,N,1,0,Weed,NA,NA,Veg,NA,NA,WdDi,B4,NA,NA,NA,NA,P,NA,NA,NA,NA,NA,NA
Papaveraceae,Argemone,mexicana,ArgMex,ARME4,NA,Mexican pricklypoppy,NA,Herb,NA,N,1,1,Weed,NA,NA,L&L,NA,NA,WdDi,B10dump,NA,NA,NA,NA,H,P,NA,NA,NA,NA,NA
Papaveraceae,Fumaria,officinalis,FumOff,FUOF,NA,NA,NA,Herb,NA,N,1,0,Weed,NA,NA,L&L,NA,NA,NA,NA,NA,NA,NA,NA,NA,NA,NA,FUOFO,NA,NA,NA
Passifloraceae,Passiflora,biflora,PasBif,PABI6,NA,Two-lobe passionflower ,NA,Vine,NA,N,1,0,Weed,NA,NA,L&L,NA,NA,WdDi,B14H,NWH,NA,NA,NA,NA,NA,[4also],NA,NA,NA,NA
Passifloraceae,Passiflora,edulis,PasEdu,PAED,NA,Passion fruit,"includes 'Possum Purple', 'Panama Red', and yellow varieties",Vine,NA,N,1,0,CropP,NA,NA,Landsc,NA,NA,8221,Wfence,B14,B5,NA,NA,NA,NA,NA,NA,NA,NA,NA
Passifloraceae,Passiflora,laurifolia hybrid,PasLauNA,NA,Species,Water lemon,NA,Vine,NA,Y,0,0,CropP,NA,NA,NA,NA,NA,B6,NA,NA,NA,NA,NA,NA,NA,"[2, 6]",NA,NA,NA,NA
Passifloraceae,Passiflora,suberosa,PasSub,PAPA22,NA,NA,NA,Vine,NA,N,1,1,Weed,NA,NA,L&L,NA,NA,WdDi,B14H,NA,NA,NA,NA,NA,NA,[4also],NA,NA,NA,NA
Phyllanthaceae,Phyllanthus,amarus,PhyAma,PHAM5,NA,NA,NA,Herb,NA,N,1,0,Weed,NA,NA,Veg,NA,NA,WdDi,NA,NA,NA,NA,NA,P,NA,NA,NA,NA,NA,NA
Phyllanthaceae,Phyllanthus,pentaphyllus,PhyPen,PHPE7,NA,NA,NA,NA,NA,N,1,1,Roc,NA,NA,NA,NA,NA,Roc,NA,NA,NA,NA,NA,NA,NA,[4only],PHPEF2,PHPEP2,NA,NA
Phyllanthaceae,Phyllanthus,tenellus,PhyTen,PHTE5,NA,NA,NA,Herb,NA,N,1,0,Weed,NA,NA,L&L,NA,NA,WdDi,B14H,NA,NA,NA,NA,NA,NA,NA,NA,NA,NA,NA
Phytolaccaceae,Phytolacca,sp.,NA,FindIt,Genus,NA,Superficial resemblance to Prunus (cherries); fly-pollinated,Tree,Shrub,Y,0,0,Landsc,NA,NA,NA,NA,NA,B16f,B16NW,B15N#27h,NA,NA,NA,NA,H,NA,NA,NA,NA,NA
Picramniaceae,Picramnia,pentandra,PicPen,PIPE,NA,NA,NA,Tree,Shrub,N,1,1,Ham,NA,NA,NA,NA,NA,B14H,NA,NA,NA,NA,NA,NA,NA,NA,NA,NA,NA,NA
Pinaceae,Pinus,elliotii densa,PinEll,NA,NA,Slash pine ,NA,Tree,NA,N,1,1,Roc,Native,NA,NA,NA,NA,Roc,NA,NA,NA,NA,NA,NA,NA,[4also],NA,NA,NA,NA
Pittosporaceae,Pittosporum,pentandrum,PitPen,PIPE8,NA,Mock orange,NA,Tree,Shrub,N,1,0,Landsc,Ham,Weed,L&L,Roc,Ham,Roc,B14H,NWH,NA,NA,NA,NA,NA,[4also],NA,NA,NA,NA
Pittosporaceae,Pittosporum,tobira,PitTob,PITO2,NA,NA,NA,Shrub,NA,Y,1,0,Landsc,NA,NA,NA,NA,NA,NA,NA,NA,NA,NA,NA,NA,NA,NA,NA,NA,NA,NA
Plantaginaceae,Bacopa,monnieri,BacMon,BAMO,NA,Herb-of-grace ,in new sod,Herb,NA,N,1,1,Lawn,Weed,NA,L&L,NA,NA,8223,EastLabs,NA,NA,NA,NA,NA,NA,NA,NA,NA,NA,NA
Plantaginaceae,Mecardonia,procumbens,MecPro,MEPR2,NA,NA,NA,Herb,NA,N,1,1,Lawn,Weed,NA,L&L,NA,NA,NA,NA,NA,NA,NA,NA,H,NA,NA,NA,NA,NA,NA
Plantaginaceae,Plantago,major,PlaMaj,FindIt,NA,NA,NA,Herb,NA,N,1,0,Weed,NA,NA,L&L,NA,NA,B16e,B16SW,NA,NA,NA,NA,NA,NA,NA,NA,NA,NA,NA
Plantaginaceae,Plantago,virginica,PlaVir,PLVI,NA,NA,NA,Herb,NA,N,1,1,Weed,NA,NA,L&L,NA,NA,WdDi,NA,NA,NA,NA,NA,P,NA,NA,NA,NA,NA,NA
Plantaginaceae,Russelia,equisetiformis,RusEqu,RUEQ,NA,Firecracker plant,NA,Herb,Shrub,N,1,0,Landsc,NA,NA,NA,NA,NA,8267,VergelHome,NA,NA,NA,NA,NA,NA,NA,NA,NA,NA,NA
Plantaginaceae,Sophronanthe,hispida,SopHis,FindIt,NA,Rough hedgehyssop,Need to find specimens with opposite leaves and 5-lobed corolla to confirm,Herb,NA,N,1,1,Weed,Native,NA,L&L,Veg,NA,B4,NA,NA,NA,NA,NA,NA,NA,NA,NA,NA,NA,NA
Plantaginaceae,Veronica,peregrina,VerPer,FindIt,NA,Neckweed,NA,Herb,NA,N,1,1,Weed,NA,NA,L&L,NA,NA,8253,8254,WestLabs,NA,NA,NA,NA,NA,NA,NA,NA,NA,NA
Plumbaginaceae,Plumbago,auriculata,PluAur,PLAU6,NA,Cape plumbago or leadwort,usually blue flowers,Shrub,Herb,?,1,0,Landsc,NA,NA,NA,NA,NA,8266,SoilSci,NA,NA,NA,NA,NA,NA,NA,NA,NA,NA,NA
Plumbaginaceae,Plumbago,zeylanica,PluZey,NA,NA,Doctorbush,White flowers,Herb,Shrub,N,1,1,Weed,NA,NA,L&L,NA,NA,B16a,B16NC,NA,NA,NA,NA,NA,NA,NA,NA,NA,NA,NA
Poaceae,Andropogon,glomeratus,AndGlo,ANGL2,NA,NA,NA,Herb,NA,N,1,1,Native,NA,NA,NA,NA,NA,Roc,B14H,NA,NA,NA,NA,NA,NA,[4also],ANGL10,ANGLG2,ANGLH,ANGLP
Poaceae,Andropogon,sp.,AndSp.,ANDRO2,Species,NA,NA,Herb,NA,N,1,?,Roc,NA,NA,NA,NA,NA,Roc,NA,NA,NA,NA,NA,NA,NA,[4only],NA,NA,NA,NA
Poaceae,Axonopus,compressus,AxoCom,AXCO,NA,Broadleaf carpetgrass,NA,Herb,NA,N,1,1,Lawn,NA,NA,NA,NA,NA,Lawns,8235,CentLabs,B14H,NA,NA,NA,NA,[4also],NA,NA,NA,NA
Poaceae,Axonopus,fissifolius,AxoFis,FindIt,NA,Common carpetgrass,In new sod,Herb,NA,N,1,1,Lawn,NA,NA,NA,NA,NA,Lawns,8235,CentLabs,NA,NA,NA,NA,NA,NA,NA,NA,NA,NA
Poaceae,Bambusa ,melingensis 'MeClures',BamMel,NA,NA,Bamboo,Used as a windbreak,Tree,Shrub,Y,0,0,Landsc,NA,NA,NA,NA,NA,B11east,NA,NA,NA,NA,NA,NA,NA,[3],NA,NA,NA,NA
Poaceae,Bambusa,nr. multiplex,BamSp.,NA,Species,Bamboo,NA,Tree,Shrub,Y,?,?,Landsc,NA,NA,NA,NA,NA,8232,Shop,NA,NA,NA,NA,NA,NA,NA,NA,NA,NA,NA
Poaceae,Bothriochloa,ischaemum,BotIsc,BOIS,NA,Beard grass,NA,Herb,NA,N,1,0,Lawn,NA,NA,NA,NA,NA,Lawns,NA,NA,NA,NA,NA,AtTREC?,NA,NA,BOISS,NA,NA,NA
Poaceae,Bothriochloa,pertusa,BotPer,BOPE2,NA,Beard grass,NA,Herb,NA,N,1,0,Lawn,NA,NA,NA,NA,NA,Lawns,B14H,NWH?,B11,NA,NA,P,NA,[4also],NA,NA,NA,NA
Poaceae,Cenchrus,brownii,CenBro,CEBR,NA,Slimbristle sandbur,Rare,Herb,NA,N,1,1,Weed,NA,NA,L&L,NA,NA,B11,NA,NA,NA,NA,NA,NA,NA,NA,NA,NA,NA,NA
Poaceae,Cenchrus,echinatus,CenEch,CEEC,NA,Southern sandbur,NA,Herb,NA,N,1,1,Weed,Lawn,NA,L&L,Roc?,NA,B14,B11,NA,NA,NA,NA,NA,NA,[4also],NA,NA,NA,NA
Poaceae,Cenchrus,gracillimus,CenGra,FindIt,NA,Slender sandbur,NA,Herb,NA,N,1,1,Native,Lawn,Weed,L&L,Roc,NA,B13,EastEdge,Roc,NA,NA,NA,NA,NA,NA,NA,NA,NA,NA
Poaceae,Cenchrus [Pennisetum],purpureus,PenPur,PEPU2,NA,Elephantgrass,"""Panecetum"" in source 4",Herb,NA,N,1,0,Weed,NA,NA,Roc,Ham,NA,Roc,Suc,NA,NA,NA,NA,NA,NA,[4also],NA,NA,NA,NA
Poaceae,Cenchrus [Pennisetum],setaceus,PenSet,PESE3,NA,Fountaingrass,NA,Herb,NA,?,1,0,Landsc,NA,NA,NA,NA,NA,8266,SoilSci,NA,NA,NA,NA,NA,NA,NA,NA,NA,NA,NA
Poaceae,Chloris,radiata,ChlRad,CHRA,NA,NA,NA,Herb,NA,N,1,0,Lawn,NA,NA,NA,NA,NA,Lawns,WdDi,B14H,NA,NA,NA,NA,NA,NA,NA,NA,NA,NA
Poaceae,Cymbopogon,sp.,CymSp.,CYMBO,Species,Lemongrass,NA,Herb,NA,Y,1,0,CropP,NA,NA,NA,NA,NA,NA,NA,NA,NA,NA,NA,NA,NA,NA,NA,NA,NA,NA
Poaceae,Cyonodon,dactylon,CyoDac,NA,NA,Bermudagrass,NA,Herb,NA,N,1,0,Lawn,Weed,NA,L&L,Veg,NA,Lawns,WdDi,B14H,NA,NA,NA,NA,NA,NA,NA,NA,NA,NA
Poaceae,Dactyloctenium,aegyptium,DacAeg,DAAE,NA,Crowfootgrass,NA,Herb,NA,N,1,0,Lawn,Weed,NA,L&L,NA,NA,Lawns,WdDi,B14H,NA,NA,NA,NA,NA,NA,NA,NA,NA,NA
Poaceae,Dichanthelium,strigosum glabrescens,DicStr,NA,NA,NA,NA,Herb,NA,N,1,1,Roc,NA,NA,NA,NA,NA,Roc,NA,NA,NA,NA,NA,NA,NA,[4only],NA,NA,NA,NA
Poaceae,Dichanthium,aristatum,DicAri,DIAR5,NA,Beard grass,NA,Herb,NA,N,1,0,Lawn,NA,NA,NA,NA,NA,Lawns,NA,NA,NA,NA,NA,H,NA,NA,NA,NA,NA,NA
Poaceae,Digitaria,ciliaris,DigCil,DICI,NA,Southern crabgrass,NA,Herb,NA,N,1,1,Weed,NA,NA,L&L,Veg,G&P,WdDi,B14H,NWH,NA,NA,NA,NA,NA,[4also],NA,NA,NA,NA
Poaceae,Dinebra [Leptochloa],panicea mucronata,LepSp.,NA,Species,Spangletop,NA,Herb,NA,N,1,1,Weed,NA,NA,Veg,L&L,NA,B1,NA,NA,NA,NA,NA,NH,NA,NA,NA,NA,NA,NA
Poaceae,Echinochloa,colona,EchCol,ECCO2,NA,Barnyardgrass,NA,Herb,NA,N,1,0,Weed,NA,NA,Veg,L&L,NA,WdDi,WdDi,NA,NA,NA,NA,NA,NA,NA,NA,NA,NA,NA
Poaceae,Echinochloa,crusgalli,EchCru,NA,NA,NA,NA,Herb,NA,N,1,0,Weed,NA,NA,Veg,NA,NA,NA,NA,NA,NA,NA,NA,NA,NA,NA,NA,NA,NA,NA
Poaceae,Eleusine,indica,EleInd,ELIN3,NA,Goose grass,NA,Herb,NA,N,1,0,Weed,NA,NA,L&L,Veg,G&P,WdDi,B14H,NA,NA,NA,NA,NA,NA,NA,NA,NA,NA,NA
Poaceae,Eragrostis,amabilis,EraAma,ERAM7,NA,Feather  lovegrass,NA,Herb,NA,N,1,0,Lawn,NA,NA,NA,NA,NA,WdDi,NA,NA,NA,NA,NA,P,NA,NA,NA,NA,NA,NA
Poaceae,Eragrostis,bahiensis,EraBah,ERBA,NA,Bahia lovegrass,NA,Herb,NA,N,1,0,Lawn,Weed,NA,L&L,NA,NA,B12S,8259,FieldOfcs,NA,NA,NA,NA,NA,NA,NA,NA,NA,NA
Poaceae,Eragrostis,barrelieri,EraBar,ERBA2,NA,Mediterranean lovegrass,NA,Herb,NA,N,1,0,Weed,Lawn,NA,Veg,L&L,NA,WdDi,NA,NA,NA,NA,NA,H,NA,NA,NA,NA,NA,NA
Poaceae,Eragrostis,ciliaris,EraCil,ERCI2,NA,Gophertail  lovegrass,NA,Herb,NA,N,1,0,Weed,NA,NA,L&L,G&P,NA,NA,NA,NA,NA,NA,NA,NA,NA,NA,NA,NA,NA,NA
Poaceae,Eremochloa,ophiuroides,EreOph,EROP,NA,Centepede grass,NA,Herb,NA,N,1,0,Lawn,NA,NA,NA,NA,NA,Lawns,WdDi,B14H,NWH,NA,NA,NA,NA,NA,NA,NA,NA,NA
Poaceae,Eustachys,petraea,EusPet,EUPE9,NA,NA,NA,Herb,NA,N,1,1,Roc,Weed,NA,Roc,L&L,NA,Roc,NA,NA,NA,NA,NA,NA,NA,[4only],NA,NA,NA,NA
Poaceae,Hyparrhenia,rufa,HypRuf,HYRU2,NA,NA,NA,Herb,NA,N,1,0,Weed,Roc,NA,Roc,NA,NA,NA,NA,NA,NA,NA,NA,H,NA,[4also],NA,NA,NA,NA
Poaceae,Imperata,brasiliensis,ImpBra,IMBR,NA,NA,NA,Herb,NA,N,1,1,NA,NA,NA,NA,NA,NA,Roc,NA,NA,NA,NA,NA,NA,NA,[4only],NA,NA,NA,NA
Poaceae,Melinis,repens,MelRep,MERE9,NA,Rose natalgrass,NA,Herb,NA,N,1,0,Weed,L&L,Roc,Roc,NA,NA,WdDi,NA,B14H,NA,NA,NA,NA,NA,[4also],NA,NA,NA,NA
Poaceae,Neyraudia,reynaudiana,NeyRey,NERE,NA,Burmareed,NA,Herb,NA,N,1,0,Weed,NA,NA,Roc,Ham,NA,Roc,NA,NA,NA,NA,NA,NA,NA,[4also],NA,NA,NA,NA
Poaceae,Paspalum,blodgetii,PasBlo,NA,NA,NA,NA,Herb,NA,N,1,1,Lawn,Weed,NA,L&L,Ham,NA,WdDi,NA,B14H,NA,NA,NA,NA,NA,NA,NA,NA,NA,NA
Poaceae,Paspalum,caespitosum,PasCae,PACA12,NA,NA,NA,Herb,NA,N,1,1,Roc,NA,NA,NA,NA,NA,Roc,NA,NA,NA,NA,NA,NA,NA,[4only],NA,NA,NA,NA
Poaceae,Paspalum,conjugatum,PasCon,PACO14,NA,Hilograss,Wet/shady lawns,Herb,NA,N,1,1,Lawn,NA,NA,NA,NA,NA,Lawns,WdDi,B14H,NWH,NA,NA,H,NA,NA,NA,NA,NA,NA
Poaceae,Paspalum,fimbriatum,PasFim,PAFI5,NA,Winged paspalum ,Summer annual,Herb,NA,N,1,0,Weed,NA,NA,Veg,L&L,NA,WdDi,NA,B14H,NWH,NA,NA,NA,NA,[4also],NA,NA,NA,NA
Poaceae,Paspalum,malacophyllum,PasMal,PAMA6,NA,Ribbed paspalum,"Rare, N. Cent. Ham",Herb,NA,N,1,0,Ham,NA,NA,NA,NA,NA,B14H,Roc,NA,NA,NA,NA,NA,NA,NA,NA,NA,NA,NA
Poaceae,Paspalum,notatum,PasNot,PANO2,NA,Bahiagrass,NA,Herb,NA,N,1,0,Lawn,NA,NA,NA,NA,NA,Lawns,WdDi,B14H,NA,NA,NA,NA,NA,[4also],PANON,PANOS,NA,NA
Poaceae,Paspalum,setaceum,PasSet,PASE5,NA,NA,NA,Herb,NA,N,1,1,Lawn,Weed,NA,L&L,Roc,NA,Roc,Lawns?,NA,NA,NA,NA,NA,NA,[4only],NA,NA,NA,NA
Poaceae,Rottboellia,cochinchinensis,RotCoc,ROCO6,NA,Itchgrass ,Summer annual,Herb,NA,N,1,0,Weed,NA,NA,L&L,Veg,G&P,WdDi,B11,NA,NA,NA,NA,NA,NA,NA,NA,NA,NA,NA
Poaceae,Schizachyrium,gracile,SchGra,ANGR5,NA,NA,NA,Herb,NA,N,1,1,Roc,NA,NA,NA,NA,NA,Roc,NA,NA,NA,NA,NA,NA,NA,[4only],NA,NA,NA,NA
Poaceae,Schizachyrium,scoparium scoparium,SchSco,NA,NA,NA,NA,Herb,NA,N,1,1,Roc,NA,NA,NA,NA,NA,Roc,NA,NA,NA,NA,NA,NA,NA,[4only],NA,NA,NA,NA
Poaceae,Setaria,parviflora,SetPar,SEPA10,NA,NA,NA,Herb,NA,N,1,1,Lawn,Weed,NA,L&L,NA,NA,WdDi,NA,B14H,NA,NA,NA,NA,NA,[4also],NA,NA,NA,NA
Poaceae,Setaria,rariflora,SetRar,FindIt,Species,Brazilian bristlegrass,Strong key-out but no online images available (except for spikelets),Herb,NA,N,1,0,Lawn,Weed,NA,L&L,NA,NA,B15N,Southplot,"#30a, 29a, 28a",NA,NA,NA,MakeH,NA,NA,NA,NA,NA,NA
Poaceae,Setaria,setosa,SetSet,SESE4,NA,West Indian bristlegrass,"Rare, but can be locally common",Herb,NA,N,1,0,Lawn,Weed,NA,L&L,NA,NA,B10,B16N,NA,NA,NA,NA,H,NA,NA,SESES2,NA,NA,NA
Poaceae,Setaria,viridis,SetVir,SEVI4,NA,NA,NA,Herb,NA,N,1,0,Weed,NA,NA,Veg,NA,NA,WdDi,NA,NA,NA,NA,NA,NA,NA,NA,SEVIV,NA,NA,NA
Poaceae,Sorghastrum,secundum,SorSec,SOSE5,NA,NA,NA,Herb,NA,N,1,1,Roc,NA,NA,NA,NA,NA,Roc,NA,NA,NA,NA,NA,NA,NA,[4only],NA,NA,NA,NA
Poaceae,Sorghum,bicolor,SorBic,SOBI2,NA,Sorghum or Sudan-grass,NA,Herb,NA,N,1,0,CropT,NA,NA,NA,NA,NA,B4,B1,NA,NA,NA,NA,NA,NA,NA,SOBIA,SOBIB,SOBID,NA
Poaceae,Sorghum,halepense,SorHal,SOHA,NA,Johnson grass,West dump area,Herb,NA,N,1,0,Weed,NA,NA,L&L,Dump,NA,B14,B4?,NA,NA,NA,NA,NA,NA,NA,NA,NA,NA,NA
Poaceae,Sporobolus,indicus,SpoInd,SPIN4,Species,Smutgrass,; Check,Herb,NA,N,1,0,Lawn,Weed,NA,L&L,Succ,NA,Lawns,WdDi,NA,NA,NA,NA,P,NA,[4also],SPINI2,SPINP2,NA,NA
Poaceae,Stenotaphrum,secundatum,SteSec,STSE,NA,St. Augustine grass,NA,Herb,NA,N,1,1,Lawn,NA,NA,NA,NA,NA,Lawns,WdDi,NA,NA,NA,NA,NA,NA,NA,NA,NA,NA,NA
Poaceae,Urochloa,distachya,UroDis,URDI5,NA,Tropical signalgrass,NA,Herb,NA,N,1,0,Weed,NA,NA,Veg,L&L,NA,WdDi,NA,NA,NA,NA,NA,NA,NA,NA,NA,NA,NA,NA
Poaceae,Urochloa [Panicum],maxima,UroMax,NA,NA,Guinea grass,NA,Herb,NA,N,1,0,Weed,NA,NA,L&L,Roc,NA,WdDi,B14H,NWH,NA,NA,NA,NA,NA,NA,NA,NA,NA,NA
Poaceae,Urochloa,ramosa,UroRam,URRA,NA,Dixie signalgrass,NA,Herb,NA,N,1,0,Weed,NA,NA,Veg,NA,NA,B3N,NA,NA,NA,NA,NA,NA,NA,NA,NA,NA,NA,NA
Poaceae,Zea,mays,ZeaMay,ZEMA,NA,Corn,NA,Herb,NA,Y,1,0,CropT,NA,NA,NA,NA,NA,NA,NA,NA,NA,NA,NA,NA,NA,NA,ZEMAM2,ZEMAP,ZEME,NA
Poaceae,Zoysia,spp.,ZoySp.,NA,Species,NA,NA,Herb,NA,N,1,0,Lawn,NA,NA,NA,NA,NA,NA,WdDi,NA,NA,NA,NA,NA,NA,NA,NA,NA,NA,NA
Podocarpaceae,Podocarpus,macrophyllus,PodMac,POMA32,NA,NA,NA,Tree,Shrub,Y,1,0,Landsc,NA,NA,NA,NA,NA,NA,NA,NA,NA,NA,NA,NA,NA,NA,POMAM,NA,NA,NA
Polygalaceae,Asemeia [Polygala],violacea,PolVio,NA,NA,Showy milkwort,NA,Herb,NA,N,1,1,Roc,NA,NA,NA,NA,NA,Roc,NA,NA,NA,NA,NA,NA,NA,[4also],NA,NA,NA,NA
Polygonaceae,Coccoloba,diversifolia,CocDiv,CODI8,NA,NA,NA,Tree,Shrub,N,1,1,Ham,Landsc,NA,NA,NA,NA,B14H,NA,NA,NA,NA,NA,NA,NA,NA,NA,NA,NA,NA
Polygonaceae,Coccoloba,uvifera,CocUvi,COUV,NA,Sea grape,NA,Tree,Shrub,?,1,1,Landsc,NA,NA,NA,NA,NA,8267,VergelHome,NA,NA,NA,NA,NA,NA,NA,NA,NA,NA,NA
Polypodiaceae,Phlebodium,aureum,PhlAur,PHAU6,NA,NA,NA,Herb,NA,N,1,1,Landsc,Epiph,NA,NA,NA,NA,NA,NA,NA,NA,NA,NA,NA,NA,[4also],NA,NA,NA,NA
Polypodiaceae,Platycerium,bifurcatum,PlaBif,NA,NA,Staghorn fern,NA,Herb,NA,Y,1,0,Landsc,Epiph,NA,NA,NA,NA,NA,NA,NA,NA,NA,NA,NA,NA,NA,NA,NA,NA,NA
Polypodiaceae,Pleopeltis [Polypodium],michauxiana [polypodiodes],PolPol,NA,NA,Resurrection fern,NA,Herb,NA,N,1,1,Epiph,NA,NA,NA,NA,NA,NA,NA,NA,NA,NA,NA,NA,NA,NA,NA,NA,NA,NA
Portulacaceae,Portulaca,oleracea,PorOle,POOL,NA,Purslane,NA,Herb,NA,N,1,1,Weed,NA,NA,Veg,L&L,G&P,WdDi,NA,NA,NA,NA,NA,NA,NA,NA,NA,NA,NA,NA
Proteaceae,Macadamia,sp.,MacSp.,NA,Species,Macadamia nut,NA,Tree,NA,Y,0,0,CropP,NA,NA,NA,NA,NA,B15S,NA,NA,NA,NA,NA,NA,NA,NA,NA,NA,NA,NA
Psilotaceae,Psilotum,nudum,PsiNud,PSNU,NA,Whisk fern,NA,Herb,NA,N,1,1,Weed,NA,NA,L&L,NA,NA,B11,NA,NA,NA,NA,NA,NA,NA,NA,NA,NA,NA,NA
Pteridaceae,Pteris,vittata,PteVit,PTVI,NA,Fern,NA,Herb,NA,N,1,0,Weed,NA,NA,L&L,G&P,NA,WdDi,B14H,NA,NA,NA,NA,H,NA,NA,NA,NA,NA,NA
Putranjivaceae,Drypetes,lateriflora,DryLat,FindIt,NA,Guiana plum,"Leaves, branches, & growth habit difficult to distinguish from Prunus myrtifolia",Tree,Shrub,N,1,1,Ham,NA,NA,NA,NA,NA,B14H,NA,NA,NA,NA,NA,H,NA,NA,NA,NA,NA,NA
Rhamnaceae,Colubrina,arborescens,ColArb,COAR3,NA,Greenheart,NA,Tree,Shrub,Y,1,1,Ham,Landsc,NA,NA,NA,NA,B14H,NA,NA,NA,NA,NA,1?,NA,NA,NA,NA,NA,NA
Rhamnaceae,Krugiodendron,ferrum,KruFer,NA,NA,NA,NA,Shrub,Tree,N,1,1,Ham,Roc?,NA,NA,NA,NA,B14H,NA,NA,NA,NA,NA,NA,NA,[4also],NA,NA,NA,NA
Rhamnaceae,Ziziphus ,joaziero,ZizJoa,NA,NA,NA,NA,Tree,Shrub,Y,0,0,CropP,Landsc,NA,NA,NA,NA,B15N#16C,NA,NA,NA,NA,NA,1,NA,[8],NA,NA,NA,NA
Rhamnaceae,Ziziphus ,mauritiana,ZizMau,NA,NA,Indian jujube,NA,Tree,Shrub,Y,1,0,CropP,Landsc,NA,NA,NA,NA,B15S,B15N#19A,NA,NA,NA,NA,NA,NA,"[1, 8]",NA,NA,NA,NA
Rosaceae,Eriobotrya,japonica,EriJap,ERJA3,NA,Loquat,NA,Tree,NA,?,1,0,Landsc,CropP,NA,NA,NA,NA,B15,NA,NA,NA,NA,NA,NA,NA,NA,NA,NA,NA,NA
Rosaceae,Frageria,sp.,FraSp.,NA,Species,Strawberry,NA,Herb,NA,Y,?,?,CropT,NA,NA,NA,NA,NA,NA,NA,NA,NA,NA,NA,NA,NA,NA,NA,NA,NA,NA
Rosaceae,Prunus,myrtifolia,PruMyr,PRMY,NA,West Indian cherry,NA,Tree,NA,N,1,1,Ham,NA,NA,NA,NA,NA,B14H,NA,NA,NA,NA,NA,NA,NA,NA,NA,NA,NA,NA
Rubiaceae,Chiococca,alba,ChiAlb,CHAL8,NA,NA,NA,Vine,Shrub,N,1,1,Ham,Roc,NA,NA,NA,NA,Roc,B14H,NWH,NA,NA,NA,NA,NA,[4also],NA,NA,NA,NA
Rubiaceae,Diodea,sp.,DioSp.2,NA,Species,NA, (nr.  D. virginica),Herb,NA,N,1,1,Weed,Lawn,NA,L&L,NA,NA,8223,EastLabs,NA,NA,NA,NA,P,NA,NA,NA,NA,NA,NA
Rubiaceae,Galium,hispidulum,GalHis,GAHI,NA,NA,NA,Vine,Herb,N,1,1,Roc,NA,NA,NA,NA,NA,Roc,NA,NA,NA,NA,NA,NA,NA,[4only],NA,NA,NA,NA
Rubiaceae,Gardenia,sp.,GarSp.1,NA,Species,NA,Shrub,Shrub,NA,Y,0,0,Landsc,NA,NA,NA,NA,NA,8255,Storage,NA,NA,NA,NA,NA,NA,NA,NA,NA,NA,NA
Rubiaceae,Gardenia,sp.,GarSp.2,NA,Species,NA,"Drooping large shrub, woody capsules",Shrub,Tree,Y,0,0,Landsc,NA,NA,NA,NA,NA,NA,NA,NA,NA,NA,NA,NA,NA,NA,NA,NA,NA,NA
Rubiaceae,Guettarda,scabra,GueSca,GUSC,NA,NA,NA,Shrub,Herb,N,1,1,Roc,NA,NA,NA,NA,NA,Roc,NA,NA,NA,NA,NA,NA,NA,[4only],NA,NA,NA,NA
Rubiaceae,Hamelia,patens,HamPat,HAPA3,NA,Firebush,Glabrous & pubescent vars,Shrub,Tree,N,1,1,Landsc,NA,NA,NA,NA,NA,B14H,B16C,8235,CentLabs,NA,NA,NA,NA,NA,NA,NA,NA,NA
Rubiaceae,Houstonia [Hedyotis],procumbens,HedPro,HOPR,NA,NA,NA,Herb,NA,N,1,1,Lawn,NA,NA,NA,NA,NA,8223,EastLabs,NA,NA,NA,NA,P,NA,NA,NA,NA,NA,NA
Rubiaceae,Ixora,sp.,IxoSp.,IXORA,Species,Ixora,NA,Shrub,Tree,Y,?,?,Landsc,NA,NA,NA,NA,NA,8267,VergelHome,NA,NA,NA,NA,NA,NA,NA,NA,NA,NA,NA
Rubiaceae,Morinda,royoc,MorRoy,NA,NA,NA,NA,Herb,Shrub,N,1,1,Roc,Succ,NA,NA,NA,NA,Roc,Suc,B14H,WdDi,NA,NA,NA,NA,[4also],NA,NA,NA,NA
Rubiaceae,Nauclea ,latifolia,NauLat,NA,NA,African peach,NA,Tree,Shrub,Y,0,0,CropP,Landsc,NA,NA,NA,NA,B15S,NA,NA,NA,NA,NA,NA,NA,[1],NA,NA,NA,NA
Rubiaceae,Oldenlandia [Hedyotis],corymbosa,HedCor,OLCO,NA,NA,NA,Herb,NA,N,1,0,Weed,NA,NA,L&L,Veg,G&P,WdDi,NA,NA,NA,NA,NA,NA,NA,NA,NA,NA,NA,NA
Rubiaceae,Randia,aculeata,RanAcu,RAAC,NA,NA,NA,Shrub,NA,N,1,1,Roc,NA,NA,NA,NA,NA,Roc,B14H?,NA,NA,NA,NA,NA,NA,[4also],NA,NA,NA,NA
Rubiaceae,Rhondeletia,leucophylla,RhoLeu,NA,NA,NA,NA,Shrub,Tree,Y,0,0,Landsc,NA,NA,NA,NA,NA,8221,Library,NA,NA,NA,NA,NA,NA,NA,NA,NA,NA,NA
Rubiaceae,Richardia,grandiflora,RicGra,RIGR3,NA,NA,NA,Herb,NA,N,1,0,Lawn,NA,NA,NA,NA,NA,WdDi,B14H,NWH,NA,NA,NA,NA,NA,[4also],NA,NA,NA,NA
Rubiaceae,Spermacoce,prostrata,SpePro,SPPR4,NA,NA,NA,NA,NA,N,1,1,Roc,NA,NA,NA,NA,NA,Roc,NA,NA,NA,NA,NA,NA,NA,[4only],NA,NA,NA,NA
Rubiaceae,Spermacoce,remota,SpeRem,SPAS2,NA,NA,NA,Herb,NA,N,1,1,Weed,NA,NA,L&L, Ham,NA,WdDi,B14H,NA,NA,NA,NA,NA,NA,[4also],NA,NA,NA,NA
Rubiaceae,Spermacoce,tetraquetra,SpeTet,SPTE6,NA,Pineland false buttonweed,NA,Herb,NA,N,1,1,Weed,NA,NA,L&L,Veg,NA,B11,B4,B14,NA,NA,NA,NA,NA,NA,NA,NA,NA,NA
Rubiaceae,Spermacoce,verticillata,SpeVer,SPVE2,NA,NA,NA,Herb,NA,N,1,0,Weed,Native,NA,L&L,NA,NA,WdDi,B14H,NA,NA,NA,NA,NA,NA,[4also],NA,NA,NA,NA
Ruscaceae,Leriope,spicata,LerSpi,NA,Species,NA,NA,Herb,NA,?,1,0,Landsc,NA,NA,NA,NA,NA,8269,StuHsng,NA,NA,NA,NA,NA,NA,NA,NA,NA,NA,NA
Ruscaceae,Sanseveria,hyacinthoides,SanHya,NA,NA,Bowstring hemp,NA,Herb,NA,N,1,0,Landsc,NA,NA,NA,NA,NA,NA,NA,NA,NA,NA,NA,NA,NA,NA,NA,NA,NA,NA
Rutaceae,Aegle,marmelos,AegMar,NA,NA,Bael,NA,Tree,Shrub,Y,0,0,CropP,Landsc,NA,NA,NA,NA,B15N#4I,NA,NA,NA,NA,NA,1,NA,[8],NA,NA,NA,NA
Rutaceae,Casimiroa ,edulis,CasEdu,NA,NA,White sapote,NA,Tree,Shrub,Y,0,0,CropP,Landsc,NA,NA,NA,NA,B15N#15F?,B15S,NA,NA,NA,NA,NA,NA,"[1, 8]",NA,NA,NA,NA
Rutaceae,Casimiroa ,sp.,CasSp.,NA,Species,NA,NA; Check,Tree,Shrub,Y,0,0,CropP,Landsc,NA,NA,NA,NA,B15N#13F,NA,NA,NA,NA,NA,NA,NA,[8],NA,NA,NA,NA
Rutaceae,Casimiroa ,tetrameria,CasTet,NA,Species,NA,NA,Tree,Shrub,Y,0,0,CropP,Landsc,NA,NA,NA,NA,B15N,NA,NA,NA,NA,NA,NA,NA,[8],NA,NA,NA,NA
Rutaceae,Citrus,latifolia,CitLat,NA,NA,Persian lime,NA,Tree,Shrub,Y,0,0,CropP,Landsc,NA,NA,NA,NA,B10,NA,NA,NA,NA,NA,NA,NA,NA,NA,NA,NA,NA
Rutaceae,Citrus,paradisi,CitPar,NA,NA,Grapefruit, 'Ray Ruby' & 'Marsh',Tree,Shrub,?,0,0,CropP,Landsc,NA,NA,NA,NA,B10,NA,NA,NA,NA,NA,NA,NA,NA,NA,NA,NA,NA
Rutaceae,Citrus,x sinensis,CitNAsin,NA,NA,Valencia Orange, 'Valencia',Tree,Shrub,?,0,0,CropP,Landsc,NA,NA,NA,NA,B10,NA,NA,NA,NA,NA,NA,NA,NA,NA,NA,NA,NA
Rutaceae,Clausena ,lansium,ClaLan,NA,NA,Wampi,NA,Tree,Shrub,Y,0,0,CropP,Landsc,NA,NA,NA,NA,B15,NA,NA,NA,NA,NA,NA,NA,[1],NA,NA,NA,NA
Rutaceae,Murraya,koenigii,MurKoe,NA,NA,Curry tree,NA,Tree,Shrub,Y,0,0,CropP,Landsc,NA,NA,NA,NA,B15N#5I,NA,NA,NA,NA,NA,1,NA,[8],NA,NA,NA,NA
Rutaceae,Murraya,paniculata,MurPan,MUEX2,NA,NA,NA,Shrub,Tree,N,1,0,Landsc,Weed,NA,L&L,NA,NA,NA,NA,NA,NA,NA,NA,NA,NA,NA,NA,NA,NA,NA
Rutaceae,Zanthoxylum,fagara,ZanFag,ZAFA,NA,Wild lime,NA,Tree,Shrub,N,1,1,Landsc,Ham,NA,NA,NA,NA,B14H,NWH,NA,NA,NA,NA,NA,NA,NA,NA,NA,NA,NA
Salicaceae,Flacourtia,indica,FlaInd,FLIN,NA,Governor's plum,Waiting for flowers to confirm id,Shrub,Tree,N,1,0,Roc,Ham,Weed,Roc,Ham,NA,Roc,B14H,NA,NA,NA,NA,NA,NA,[4also],NA,NA,NA,NA
Salicaceae,Salix,caroliniana,SalCar,SACA5,Species,Willow,NA,Shrub,Tree,N,1,1,Weed,NA,NA,Veg,G&P,NA,B7SE,NA,NA,NA,NA,NA,NA,NA,NA,NA,NA,NA,NA
Salicaceae,Dovyalis,abyssinica,DovAby,NA,NA,NA,NA,Tree,Shrub,Y,0,0,Landsc,NA,NA,NA,NA,NA,B15N,NA,NA,NA,NA,NA,NA,NA,[8],NA,NA,NA,NA
Salicaceae,Dovyalis,caffra ,DovCaf,NA,NA,Kei apple,NA,Shrub,Tree,Y,0,0,Landsc,NA,NA,NA,NA,NA,B15N,NA,NA,NA,NA,NA,NA,NA,[8],NA,NA,NA,NA
Salicaceae,Dovyalis,hebecarpa,DovHeb,NA,NA,Ketembilla,NA,Tree,Shrub,Y,0,0,Landsc,NA,NA,NA,NA,NA,B15N,NA,NA,NA,NA,NA,NA,NA,[8],NA,NA,NA,NA
Sapindaceae,Acer,rubrum,AceRub,ACRU,NA,Red maple,NA,Tree,Shrub,?,1,1,Landsc,NA,NA,NA,NA,NA,B12,8267,VergelHome,NA,NA,NA,NA,NA,NA,ACRUD,ACRUR,ACRUT,NA
Sapindaceae,Blighia,sapida,BliSap,NA,NA,Akee,NA,Tree,NA,Y,0,0,CropP,Landsc,NA,NA,NA,NA,B15,NA,NA,NA,NA,NA,NA,NA,[1],NA,NA,NA,NA
Sapindaceae,Cardiospermum,microcarpum,CarMic,CAMI21,NA,Balloon vine,NA,Vine,NA,N,1,1,Landsc,Weed,NA,L&L,NA,NA,B15,NA,NA,NA,NA,NA,NA,NA,NA,NA,NA,NA,NA
Sapindaceae,Cupania,sp.,CupSp.,CUPAN,Genus,NA,"C. strobiculata, C. vernalis are possibilities",Tree,NA,?,0,0,Landsc,NA,NA,NA,NA,NA,B16a,B16NC,B14H?,NA,NA,NA,NA,NA,NA,NA,NA,NA,NA
Sapindaceae,Dimocarpus,longan,DimLon,DILO7,NA,Longan,NA,Tree,NA,?,1,0,CropP,NA,NA,NA,NA,NA,B8,B15,NA,NA,NA,NA,NA,NA,NA,NA,NA,NA,NA
Sapindaceae,Exothea,paniculata,ExoPan,EXPA,NA,NA,Ham? Consistently 4 leafets/leaf,Tree,Shrub,N,1,1,Ham,Roc,NA,NA,NA,NA,B14H,NWH?,NA,NA,NA,NA,NA,NA,[4also],NA,NA,NA,NA
Sapindaceae,Koelrouteria,elegans,KoeEle,NA,NA,NA,NA,Tree,NA,N,1,0,Landsc,Weed,NA,L&L,NA,NA,B16F,B16NW,NA,NA,NA,NA,NA,NA,NA,NA,NA,NA,NA
Sapindaceae,Litchi,chinensis,LitChi,NA,NA,Lychee,NA,Tree,NA,Y,0,0,CropP,NA,NA,NA,NA,NA,B15,B10,B8,NA,NA,NA,NA,NA,NA,NA,NA,NA,NA
Sapindaceae,Melicoccus ,bijugatus,MelBij,NA,NA,Spanish lime,Ham? Consistently 4 leafets/leaf,Tree,Shrub,N,1,0,CropP,Landsc,NA,NA,NA,NA,B15,8252,NA,NA,NA,NA,NA,NA,[1],NA,NA,NA,NA
Sapotaceae,Calocarpum ,viride,CalVir,NA,NA,Green sapote,NA,Tree,Shrub,Y,0,0,CropP,Landsc,NA,NA,NA,NA,B15,NA,NA,NA,NA,NA,NA,NA,[1],NA,NA,NA,NA
Sapotaceae,Chrysophyllum,cainito,ChrCai,NA,NA,Star apple ,NA,Tree,Shrub,Y,0,0,CropP,Landsc,NA,NA,NA,NA,B15,NA,NA,NA,NA,NA,NA,NA,[1],NA,NA,NA,NA
Sapotaceae,Chrysophyllum,oliviforme,ChrOli,CHOL,NA,Satinleaf,NA,Tree,NA,N,1,1,Landsc,Ham,Native,NA,NA,NA,B14H,NA,NA,NA,NA,NA,NA,NA,[4also],NA,NA,NA,NA
Sapotaceae,Manilkara,zapota,ManZap,MAZA,NA,Sapodilla,NA,Tree,NA,N,1,0,CropP,Landsc,NA,NA,NA,NA,B15,B11,NA,NA,NA,NA,NA,NA,"[3, 4also]",NA,NA,NA,NA
Sapotaceae,Mimusops ,commersonii/coriacea,MimSp.,FindIt,Species,Monkey apple,NA,Tree,Shrub,Y,?,?,Landsc,CropP,NA,NA,NA,NA,B15N #27k,NA,NA,NA,NA,NA,1,NA,NA,NA,NA,NA,NA
Sapotaceae,Pouteria,campechiana,PouCam,POCA23,NA,Canistel,NA,Tree,NA,Y,1,0,CropP,Landsc,NA,NA,NA,NA,B15,NA,NA,NA,NA,NA,NA,NA,[1],NA,NA,NA,NA
Sapotaceae,Pouteria,hypoglauca,PouHyp,NA,NA,NA,NA,Tree,Shrub,Y,0,0,CropP,Landsc,NA,NA,NA,NA,B15N#28K,NA,NA,NA,NA,NA,1?,NA,[8],NA,NA,NA,NA
Sapotaceae,Pouteria,sapota,PouSap,NA,NA,Mamey sapote ,NA,Tree,NA,Y,0,0,CropP,Landsc,NA,NA,NA,NA,B15,NA,NA,NA,NA,NA,NA,NA,NA,NA,NA,NA,NA
Sapotaceae,Sideroxylon,foetidissimum,SidFoe,SIFO,NA,False mastic ,Saved fr strangler fig!,Tree,NA,N,1,1,Landsc,Native,NA,NA,NA,NA,NA,NA,NA,NA,NA,NA,NA,NA,NA,NA,NA,NA,NA
Sapotaceae,Sideroxylon,salicifolium,SidSal,SISA6,NA,Willow bustoc,NA,Tree,NA,N,1,1,Landsc,Ham,Native,NA,NA,NA,B14H,NA,NA,NA,NA,NA,NA,NA,[4also],NA,NA,NA,NA
Schizaeaceae,Anemia,adiantifolia,AneAdi,ANAD,NA,NA,NA,NA,NA,N,1,1,Roc,NA,NA,NA,NA,NA,Roc,NA,NA,NA,NA,NA,NA,NA,[4only],NA,NA,NA,NA
Simaroubaceae,Simarouba,glauca,SimGla,SIGL3,NA,Paradisetree,NA,Tree,NA,N,1,1,Landsc,Ham,NA,NA,NA,NA,B14H,NA,NA,NA,NA,NA,NA,NA,NA,SIGLL,NA,NA,NA
Smilacaceae,Smilax,auriculata,SmiAur,SMAU,NA,NA,NA,Vine,NA,N,1,1,Roc,Weed,NA,Roc,L&L,NA,Roc,Landsc?,NA,NA,NA,NA,NA,NA,[4only],NA,NA,NA,NA
Solanaceae,Bruggmansia,suaveolens,BruSua,NA,Species,Angel's trumpet?,NA,Shrub,Herb,?,1,0,Landsc,NA,NA,NA,NA,NA,8260,Tchng,NA,NA,NA,NA,AtTREC?,NA,NA,NA,NA,NA,NA
Solanaceae,Capsicum,annum,CapAnn,NA,NA,Pepper,NA,Herb,NA,?,1,1,CropT,NA,NA,NA,NA,NA,NA,NA,NA,NA,NA,NA,NA,NA,NA,NA,NA,NA,NA
Solanaceae,Lycium,carolinianum,LycCar,FindIt,NA,Christmasberry,NA,Shrub,NA,N,1,1,Landsc,NA,NA,NA,NA,NA,8223,EastLabs,NA,NA,NA,NA,NA,NA,NA,NA,NA,NA,NA
Solanaceae,Nicandra,physaloides,NicPhy,NA,NA,NA,Showy blue flowers,Herb,NA,N,1,0,Weed,NA,NA,Veg,NA,NA,NA,NA,NA,NA,NA,NA,NA,NA,NA,NA,NA,NA,NA
Solanaceae,Physalis,sp.,PhySp.,PHYSA,Species,NA,NA,Herb,NA,N,?,?,Weed,NA,NA,Veg,NA,NA,NA,NA,NA,NA,NA,NA,NA,NA,NA,NA,NA,NA,NA
Solanaceae,Physalis,walteri,PhyWal,PHWA4,NA,NA,NA,Herb,NA,N,1,1,Roc,NA,NA,NA,NA,NA,Roc,NA,NA,NA,NA,NA,NA,NA,[4only],NA,NA,NA,NA
Solanaceae,Solanum,americanum,SolAme,SOAM,NA,Nightshade,NA,Herb,NA,N,1,1,Weed,NA,NA,Veg,L&L,G&P,WdDi,B14H,NA,NA,NA,NA,NA,NA,NA,SONI3,SOPT7,NA,NA
Solanaceae,Solanum,lycopersicum,SolLyc,SOLY2,NA,Tomato,NA,Herb,Vine,Y,1,0,CropT,NA,NA,NA,NA,NA,NA,NA,NA,NA,NA,NA,NA,NA,NA,SOLYL,NA,NA,NA
Solanaceae,Solanum,melongena,SolMel,SOME,NA,Eggplant,NA,Herb,Shrub,Y,1,0,CropT,NA,NA,NA,NA,NA,NA,NA,NA,NA,NA,NA,NA,NA,NA,NA,NA,NA,NA
Solanaceae,Solanum,viarum,SolVia,FindIt,NA,Tropical soda apple,NA,Herb,NA,N,1,0,Weed,NA,NA,L&L,NA,NA,B16e,B16SW,8253,NA,NA,NA,NA,NA,NA,NA,NA,NA,NA
Strelitziaceae,Strelitzia,sp.,StrSp.,NA,Species,NA,NA,Shrub,Herb,Y,0,0,CropP,NA,NA,NA,NA,NA,NA,NA,NA,NA,NA,NA,NA,NA,NA,NA,NA,NA,NA
Tetrachondraceae,Polypremum,procumbens,PolPro,FindIt,NA,"Rust weed, juniperleaf",Between hammock and pine rockland,Herb,NA,N,1,1,Weed,NA,NA,L&L,NA,NA,B14W,B13E,NA,NA,NA,NA,NA,NA,NA,NA,NA,NA,NA
Thelypteridaceae,Thelypteris,sclerophylla,TheScl,THSC,NA,Stiff starhair fern,"Rare, Cent. Ham and in strawberries",Herb,NA,N,1,1,Ham,NA,NA,NA,NA,NA,B14H,B7SE,NA,NA,NA,NA,NA,NA,NA,NA,NA,NA,NA
Turneraceae,Piriqueta,cistoides caroliniana,PirCis,NA,NA,NA,NA,Herb,NA,N,1,1,Roc,NA,NA,NA,NA,NA,Roc,NA,NA,NA,NA,NA,NA,NA,[4only],NA,NA,NA,NA
Urticaceae,Laportea,aestuans,LapAes,LAAE,NA,West Indian woodnettle,NA,Herb,NA,N,1,0,Weed,NA,NA,L&L,Veg,NA,B14dump,NA,NA,NA,NA,NA,NA,NA,NA,NA,NA,NA,NA
Urticaceae,Parietaria,floridana,ParFlo,PAFL3,NA,Florida pellitory,NA,Herb,NA,N,1,1,Weed,NA,NA,L&L,G&P,NA,WdDi,NA,NA,NA,NA,NA,P,NA,NA,NA,NA,NA,NA
Urticaceae,Parietaria,praetermissa,ParPra,PAPR6,NA,Clustered pellitory,NA,Herb,NA,N,1,1,Weed,NA,NA,L&L,NA,NA,B15N,NA,NA,NA,NA,NA,NA,NA,NA,NA,NA,NA,NA
Urticaceae,Pilea,microphylla,PilMic,PIMI2,NA,Artillery fern,NA,Herb,NA,N,1,1,Weed,NA,NA,G&P,L&L,Veg,WdDi,B14H,NA,NA,NA,NA,P,NA,NA,PITR4,NA,NA,NA
Verbenaceae,Citharexylum,spinosum,CitSpi,CISP3,NA,Fiddlewood,NA,Tree,Shrub,N,1,1,Landsc,Ham,NA,NA,NA,NA,B14,B14H,NA,NA,NA,NA,NA,NA,NA,NA,NA,NA,NA
Verbenaceae,Durantia,erecta,DurEre,NA,NA,Golden dewdrops,NA,Shrub,NA,Y,1,0,Landsc,NA,NA,NA,NA,NA,NA,NA,NA,NA,NA,NA,NA,NA,NA,NA,NA,NA,NA
Verbenaceae,Lantana,depressa,LanDep,LADE,NA,NA,NA,Shrub,Herb,N,1,1,Roc,NA,NA,NA,NA,NA,Roc,NA,NA,NA,NA,NA,NA,NA,[4only],LADED,LADEF,LADES2,NA
Verbenaceae,Lantana,involucrata,LanInv,LAIN2,NA,NA,NA,Shrub,NA,N,1,1,Roc,NA,NA,NA,NA,NA,Roc,NA,NA,NA,NA,NA,NA,NA,[4also],LAINI,LAINO,NA,NA
Verbenaceae,Lantana,strigocamara [camara],LanCam,LACA2,NA,Lantana,Includes L. hybrida,Shrub,Tree,N,1,0,Weed,Landsc,NA,L&L,NA,NA,WdDi,B14H,NWH,NA,NA,NA,NA,NA,[4also],NA,NA,NA,NA
Verbenaceae,Phylla,nodiflora,PhyNod,NA,NA,Fogfruit,NA,Herb,Vine,N,1,1,Lawn,NA,NA,NA,NA,NA,Lawns,WdDi,NA,NA,NA,NA,P,NA,NA,NA,NA,NA,NA
Verbenaceae,Priva,lappulacea,PriLap,PRLA2,NA,NA,NA,Herb,NA,N,1,1,Weed,NA,NA,L&L,Ham,NA,WdDi,B14H,NWH,NA,NA,NA,NA,NA,[4also],NA,NA,NA,NA
Verbenaceae,Stachytarpheta,cayennensis,StaCay,NA,NA,Porterweed,NA,Shrub,NA,N,1,0,Landsc,NA,NA,NA,NA,NA,NA,NA,NA,NA,NA,NA,NA,NA,NA,NA,NA,NA,NA
Verbenaceae,Stachytarpheta,jamaicense,StaJam,NA,NA,Porterweed,NA,Herb,NA,N,1,1,Lawn,Native,Weed,L&L,NA,NA,WdDi,B14H,NA,NA,NA,NA,NA,NA,NA,NA,NA,NA,NA
Verbenaceae,Verbena,incompta,VerInc,VEIN9,NA,Purpletop vervain,NA,Herb,NA,N,1,0,Weed,NA,NA,Veg,NA,NA,B14,NA,NA,NA,NA,NA,NA,NA,NA,NA,NA,NA,NA
Verbenaceae,Vitex,glabrata,VitGla,FindIt,Genus,Smooth chastetree,NA,Tree,Shrub,N,1,0,Ham,NA,NA,NA,NA,NA,B14H,NA,NA,NA,NA,NA,1,NA,NA,NA,NA,NA,NA
Violaceae,Hybanthus,linearifolius,HybLin,HYLI3,NA,NA,NA,Herb,NA,N,1,0,Weed,NA,NA,L&L,NA,NA,8235,CentLabs,NA,NA,NA,NA,H,NA,NA,NA,NA,NA,NA
Vitaceae,Cissus,verticillata,CisVer,CIVE3,NA,NA,NA,Vine,NA,N,1,1,NA,NA,NA,NA,NA,NA,WdDi,B14H,NWH,B11,B4,B1,P,NA,NA,NA,NA,NA,NA
Vitaceae,Parthenocissus,quinquefolia,ParQui,PAQU2,NA,NA,NA,Vine,NA,N,1,1,NA,NA,NA,NA,NA,NA,WdDi,B11,NA,NA,NA,NA,NA,NA,[4also],NA,NA,NA,NA
Vitaceae,Vitis,rotundifolia,VitRot,VIRO3,NA,Muscadine grape,NA,Vine,NA,N,1,1,Roc,Native,NA,NA,NA,NA,Roc,B14H,B11,B4,NA,NA,NA,NA,[4also],VIROM,VIROR,NA,NA
Vitaceae,Vitis,vinifera,VitVin,VIVI5,Species,Cultivated grape,NA,Vine,NA,Y,0,0,CropP,NA,NA,NA,NA,NA,NA,NA,NA,NA,NA,NA,AtTREC?,NA,NA,NA,NA,NA,NA
Zamiaceae,Ceratozamia/Macrozamia,NA,NA,NA,Genus,NA,NA,Shrub,NA,Y,0,0,Landsc,NA,NA,NA,NA,NA,8266,SoilSci,NA,NA,NA,NA,1,NA,NA,NA,NA,NA,NA
Zamiaceae,Dioon,edule,DioEdu,NA,NA,NA,NA,Shrub,NA,Y,0,0,Landsc,NA,NA,NA,NA,NA,8235,CentLabs,NA,NA,NA,NA,NA,NA,NA,NA,NA,NA,NA
Zamiaceae,Dioon,mejiae,DioMej,NA,NA,NA,~40 m N of Catharine Mannion's office,Shrub,Tree,Y,0,0,Landsc,NA,NA,NA,NA,NA,B1[16]a(NC),NA,NA,NA,NA,NA,NA,NA,NA,NA,NA,NA,NA
Zamiaceae,Encephalartos,gratus,EncGra,NA,Species,NA,~20 m N of Catharine Mannion's office; along N. edge of parking lot. Labeled,Shrub,Tree,Y,0,0,Landsc,NA,NA,NA,NA,NA,B1[16]a(NC),NA,NA,NA,NA,NA,NA,NA,NA,NA,NA,NA,NA
Zamiaceae,Encephalartos,sp.,EncSp.,NA,Species,NA,NA,Shrub,Tree,Y,0,0,Landsc,NA,NA,NA,NA,NA,B1[16]a(NC),NA,NA,NA,NA,NA,NA,NA,NA,NA,NA,NA,NA
Zamiaceae,Zamia,integrifolia [floridana],ZamInt,NA,NA,Coontie,NA,Shrub,Herb,N,1,1,Landsc,Native,NA,NA,NA,NA,B14H,NA,NA,NA,NA,NA,NA,NA,[4also],NA,NA,NA,NA
Zingeberaceae,Alpinia,zerumbet,AlpZer,NA,NA,Shell ginger,Varieg. & Non-varieg. ,Herb,Shrub,Y,1,0,Landsc,NA,NA,NA,NA,NA,8221,Library,NA,NA,NA,NA,NA,NA,NA,NA,NA,NA,NA
Zygophyllaceae,Bulnesia,arborea,BulArb,NA,NA,NA,NA,Tree,Shrub,Y,0,0,Landsc,NA,NA,NA,NA,NA,NA,NA,NA,NA,NA,NA,NA,NA,NA,NA,NA,NA,NA
Zygophyllaceae,Guiacum,sanctum,GuiSan,NA,NA,NA,NA,Tree,Shrub,?,1,1,Landsc,Native,NA,NA,NA,NA,8216,PltClnc,(Eof),NA,NA,NA,NA,NA,NA,NA,NA,NA,NA
Zygophyllaceae,Kallstroemia,maxima,KalMax,NA,NA,NA,NA,Herb,Vine,N,1,1,Weed,NA,NA,Veg,NA,NA,NA,NA,NA,NA,NA,NA,NA,NA,NA,NA,NA,NA,NA
NA,NA,NA,NA,FindIt,Family,NA,"""Unknown sp. 1""; Watch for spore development for ID; Pyrrosia/Aglaomorpha?",Herb,NA,Y,?,?,Landsc,Epith,NA,NA,NA,NA,On Lysiloma,8257,Ento,NA,NA,NA,NA,NA,NA,NA,NA,NA,NA
NA,NA,NA,NA,NA,Order,Phoenix nut,"""Unknown sp. 2""; NA",Tree,Shrub,Y,?,?,Landsc,CropP,NA,NA,NA,NA,B15N,NA,NA,NA,NA,NA,NA,NA,[8],NA,NA,NA,NA
NA,NA,NA,NA,NA,Order,NA,"""Unknown sp. 4""; Superficial resemblance to pears (Pyrus)",Tree,Shrub,Y,?,?,Landsc,NA,NA,NA,NA,NA,B1[16]a(NC),B16NC,NA,NA,NA,NA,1,NA,NA,NA,NA,NA,NA
NA,Spondias? ,NA,NA,NA,Order,NA,"""Unknown sp. 5""; Superficial resemblance to hickory or walnut",Tree,NA,Y,?,?,Landsc,CropP?,NA,NA,NA,NA,B15N#15F,NA,NA,NA,NA,NA,1?,H,NA,NA,NA,NA,NA
,,,,,,,,,,,,,,,,,,,,,,,,,,,,,,,
 ,,,,,,,,,,,,,,,,,,,,,,,,,,,,,,,