block,site,code,Bout,year,month,day,genus,species,SpeciesAcro1,%cover,ht >3m (x)
1,North,31.1.1,2,2018,Feb,14,Crotalaria,juncea,CroJun,15,N
1,North,31.1.1,2,2018,Feb,14,Sorghum,bicolor,SorBic,2,N
1,North,31.1.1,2,2018,Feb,14,Lepidium,virginianum,LepVir,<1,N
1,North,31.1.1,2,2018,Feb,14,Oxalis,latifolia,OxaLat,<1,N
1,North,31.1.1,2,2018,Feb,14,Phyllanthus,amarus,PhyAma,<1,N
1,North,31.1.1,2,2018,Feb,14,UG,,UG,<1,N
1,North,31.1.1,2,2018,Feb,14,Acalypha,sp.,AcaSp.,<1,N
1,North,31.1.1,2,2018,Feb,14,Eragrostis,barrelieri,EraBar,<1,N
1,North,31.1.1,2,2018,Feb,14,Chamaesyce,sp. (hirta or opthalmica),ChaSp.,<1,N
1,North,31.1.1,2,2018,Feb,14,Anagallis,arvensis,AnaArv,<1,N
1,North,31.1.1,2,2018,Feb,14,Medicago,lupulina,MedLup,<1,N
1,North,31.1.1,2,2018,Feb,14,Oenothera,laciniata,OenLac,<1,N
1,North,31.1.10,2,2018,Feb,14,Acalypha,alopecuroidea,AcaAlo,,
1,North,31.1.10,2,2018,Feb,14,Medicago,lupulina,MedLup,,
1,North,31.1.10,2,2018,Feb,14,Portulaca,oleracea,PorOle,,
1,North,31.1.10,2,2018,Feb,14,Chamaesyce,sp. (hirta or opthalmica),ChaSp.,,
1,North,31.1.10,2,2018,Feb,14,Amaranthus,sp. (spinosus or hybridus),AmaSp.,,
1,North,31.4.1,2,2018,Feb,14,Crotalaria,juncea,CroJun,5,N
1,North,31.4.1,2,2018,Feb,14,Sorghum,bicolor,SorBic,1,N
1,North,31.4.1,2,2018,Feb,14,Phyllanthus,amarus,PhyAma,<1,N
1,North,31.4.1,2,2018,Feb,14,Anagallis,arvensis,AnaArv,<1,N
1,North,31.4.1,2,2018,Feb,14,Medicago,lupulina,MedLup,<1,N
1,North,31.4.1,2,2018,Feb,14,Eragrostis,barrelieri,EraBar,<1,N
1,North,31.4.1,2,2018,Feb,14,Oenothera,laciniata,OenLac,<1,N
1,North,31.4.1,2,2018,Feb,14,Oxalis,latifolia,OxaLat,<1,N
1,North,31.4.1,2,2018,Feb,14,Portulaca,oleracea,PorOle,<1,N
1,North,31.4.10,2,2018,Feb,14,Oxalis,latifolia,OxaLat,,
1,North,31.4.10,2,2018,Feb,14,Medicago,lupulina,MedLup,,
1,North,31.4.10,2,2018,Feb,14,Unusual Plant,Died,UnuDie,,
1,North,31.4.10,2,2018,Feb,14,Cyperus,rotundus,CypRot,,
1,North,31.4.10,2,2018,Feb,14,Portulaca,oleracea,PorOle,,
1,North,31.4.10,2,2018,Feb,14,Nama,jamaicensis,NamJam,,
1,North,31.4.10,2,2018,Feb,14,Portulaca,oleracea,PorOle,,
1,North,31.4.10,2,2018,Feb,14,Chamaesyce,sp. (hirta or opthalmica),ChaSp.,,
1,North,31.4.10,2,2018,Feb,14,Eleusine,indica,EleInd,,
1,North,31.100,2,2018,Feb,14,Cyperus,rotundus,CypRot,,
1,North,31.100,2,2018,Feb,14,UD,Legume (Cajan),UDLeg,,
1,North,31.100,2,2018,Feb,14,Eleusine,indica,EleInd,,
1,North,31.100,2,2018,Feb,14,Macroptilium,lathyroides,MacLat,,
1,North,31.100,2,2018,Feb,14,Chenopodium,album,CheAlb,,
1,North,31.100,2,2018,Feb,14,Amaranthus,spinosus,AmaSpi,,
1,North,31.100,2,2018,Feb,14,Chamaesyce,hyssopifolia,ChaHys,,
1,North,31.100,2,2018,Feb,14,UD,,UD,,
1,North,31.100,2,2018,Feb,14,Spermacoce,Unknown Rubiaceae,SpeUnk,,
1,North,31.100,2,2018,Feb,14,Urochloa,sp,UroSp,,
1,North,31.100,2,2018,Feb,14,Chamaesyce,opthalmica,ChaOpt,,
1,North,31.100,2,2018,Feb,14,Chamaesyce,hirta,ChaHir,,
1,North,31.100,2,2018,Feb,14,Chamaesyce,hyperissifolia,ChaHyp,,
1,North,31.100,2,2018,Feb,14,Nama,jamaicensis,NamJam,,
1,North,31.100,2,2018,Feb,14,Digitaria,ciliaris,DigCil,,
1,North,31.100,2,2018,Feb,14,Amaranthus,hybridus,AmaHyb,,
1,North,31.100,2,2018,Feb,14,Phyllanthus,amarus,PhyAma,,
1,North,31.100,2,2018,Feb,14,Acalypha,sp,AcaSp,,
1,North,31.100,2,2018,Feb,14,Parthenium,hysterophorus,ParHys,,
1,North,31.100,2,2018,Feb,14,Tridax,procumbens,TriPro,,
1,North,31.100,2,2018,Feb,14,Indigofera,spicata,IndSpi,,
1,North,32.2.1,2,2018,Feb,9,Oxalis,latifolia,OxaLat,<1,N
1,North,32.2.1,2,2018,Feb,9,Euphorbia,heterophylla,EupHet,<1,N
1,North,32.2.1,2,2018,Feb,9,Cyperus,rotundus,CypRot,<1,N
1,North,32.2.1,2,2018,Feb,9,Setaria,parviflora,SetPar,<1,N
1,North,32.2.1,2,2018,Feb,9,Amaranthus,sp,AmaSp,<1,N
1,North,32.2.1,2,2018,Feb,9,Boerhavia,erecta,BoeEre,<1,N
1,North,32.2.1,2,2018,Feb,9,Medicago,lupulina,MedLup,<1,N
1,North,32.2.1,2,2018,Feb,9,Anagallis,arvensis,AnaArv,<1,N
1,North,32.2.1,2,2018,Feb,9,Acalypha,alopecuroidea,AcaAlo,<1,N
1,North,32.2.1,2,2018,Feb,9,Tridax,procumbens,TriPro,<1,N
1,North,32.2.1,2,2018,Feb,9,Chenopodium,album,CheAlb,<1,N
1,North,32.2.1,2,2018,Feb,9,Chamaesyce,hirta,ChaHir,<1,N
1,North,32.2.1,2,2018,Feb,9,Spermacoce,remota,SpeRem,<1,N
1,North,32.2.10,2,2018,Feb,9,Phyllanthus,amarus,PhyAma,,
1,North,32.2.10,2,2018,Feb,9,Chenopodium,album,CheAlb,,
1,North,32.2.10,2,2018,Feb,9,Eleusine,indica,EleInd,,
1,North,32.2.10,2,2018,Feb,9,Cyperus,rotundus,CypRot,,
1,North,32.2.10,2,2018,Feb,9,Acalypha,sp. (spinosus or hybridus),AcaSp.,,
1,North,32.2.10,2,2018,Feb,9,Oenethera,laciniata,OenLac,,
1,North,32.2.10,2,2018,Feb,9,Tridax,procumbens,TriPro,,
1,North,32.2.10,2,2018,Feb,9,Cyperus,rotundus,CypRot,,
1,North,32.2.10,2,2018,Feb,9,Setaria,parviflora,SetPar,,
1,North,32.2.10,2,2018,Feb,9,Amaranthus,sp. (spinosus or hybridus),AmaSp.,,
1,North,32.2.10,2,2018,Feb,9,Sida,ulmifolia,SidUlm,,
1,North,32.2.10,2,2018,Feb,9,Parthenium,hysterophorus,ParHys,,
1,North,32.2.10,2,2018,Feb,9,Lepidium,virginianum,LepVir,,
1,North,32.2.10,2,2018,Feb,9,Nama,jamaicensis,NamJam,,
1,North,32.2.10,2,2018,Feb,9,Macroptilium,lathyroides,MacLat,,
1,North,32.2.10,2,2018,Feb,9,Chamaesyce,opthalmica,ChaOpt,,
1,North,32.4.1,2,2018,Feb,9,Boerhavia,erecta,BoeEre,<1,N
1,North,32.4.1,2,2018,Feb,9,Acalypha,sp.,AcaSp.,<1,N
1,North,32.4.1,2,2018,Feb,9,Euphorbia,heterophylla,EupHet,<1,N
1,North,32.4.1,2,2018,Feb,9,Cyperus,rotundus,CypRot,<1,N
1,North,32.4.1,2,2018,Feb,9,Medicago,lupulina,MedLup,<1,N
1,North,32.4.1,2,2018,Feb,9,Anagallis,arvensis,AnaArv,<1,N
1,North,32.4.1,2,2018,Feb,9,Oenothera,laciniata,OenLac,<1,N
1,North,32.4.1,2,2018,Feb,9,Acalypha,alopecuroidea,AcaAlo,<1,N
1,North,32.4.1,2,2018,Feb,9,Oxalis,latifolia,OxaLat,<1,N
1,North,32.4.1,2,2018,Feb,9,Amaranthus,spinosus,AmaSpi,<1,N
1,North,32.4.1,2,2018,Feb,9,Amaranthus,sp,AmaSp,<1,N
1,North,32.4.1,2,2018,Feb,9,Setaria,parviflora,SetPar,<1,N
1,North,32.4.1,2,2018,Feb,9,Chenopodium,album,CheAlb,<1,N
1,North,32.4.10,2,2018,Feb,9,Setaria,parviflora,SetPar,,
1,North,32.4.10,2,2018,Feb,9,Chamaesyce,sp. (hirta or opthalmica),ChaSp.,,
1,North,32.4.10,2,2018,Feb,9,UG1,,UG1,,
1,North,32.4.10,2,2018,Feb,9,Amaranthus,sp,AmaSp,,
1,North,32.4.10,2,2018,Feb,9,Sida,ulmifolia,SidUlm,,
1,North,32.4.10,2,2018,Feb,9,Amaranthus,polygnoides,AmaPol,,
1,North,32.4.10,2,2018,Feb,9,Phyllanthus,amarus,PhyAma,,
1,North,32.4.10,2,2018,Feb,9,Portulaca,oleracea,PorOle,,
1,North,32.4.10,2,2018,Feb,9,Chenopodium,album,CheAlb,,
1,North,32.4.10,2,2018,Feb,9,Parthenium,hysterophorus,ParHys,,
1,North,32.4.10,2,2018,Feb,9,Chamaesyce,sp. (hyperissifolia or hyssopifolia),ChaSp.,,
1,North,32.4.10,2,2018,Feb,9,Sola,nig,SolNig,,
1,North,32.4.10,2,2018,Feb,9,Amaranthus,spinosis,AmaSpi,,
1,North,32.4.10,2,2018,Feb,9,Digitaria,ciliaris,DigCil,,
1,North,32.4.10,2,2018,Feb,9,Cyperus,rotundus,CypRot,,
1,North,32.4.10,2,2018,Feb,9,Eragrostis,barrelieri,EraBar,,
1,North,32.4.10,2,2018,Feb,9,Eleusine,indica,EleInd,,
1,North,32.4.10,2,2018,Feb,9,Nama,jamaicensis,NamJam,,
1,North,32.4.10,2,2018,Feb,9,Chamaesyce,opthalmica,ChaOpt,,
1,North,32.4.10,2,2018,Feb,9,Spermacoce,remota,SpeRem,,
1,North,32.4.10,2,2018,Feb,9,Chamaesyce,hyssopifolia,ChaHys,,
1,North,32.100,2,2018,Feb,9,Digitaria,ciliaris,DigCil,,
1,North,32.100,2,2018,Feb,9,Medicago,lupulina,MedLup,,
1,North,32.100,2,2018,Feb,9,Oenethera,laciniata,OenLac,,
1,North,32.100,2,2018,Feb,9,Echinochloa,colona,EchCol,,
1,North,32.100,2,2018,Feb,9,Lepidium,virginianum,LepVir,,
1,North,32.100,2,2018,Feb,9,Eragrostis,barrelieri,EraBar,,
1,North,32.100,2,2018,Feb,9,UG3,,UG3,,
1,North,32.100,2,2018,Feb,9,Macroptilium,lathyroides,MacLat,,
1,North,32.100,2,2018,Feb,9,Parthenium,hysterophorus,ParHys,,
1,North,32.100,2,2018,Feb,9,Digitaria,ciliaris,DigCil,,
1,North,32.100,2,2018,Feb,9,Cenchrus,echinatus,CenEch,,
1,North,32.100,2,2018,Feb,9,Acalypha,setosa,AcaSet,,
1,North,32.100,2,2018,Feb,9,Spermacoce,remota,SpeRem,,
1,North,32.100,2,2018,Feb,9,Emilia,fosbergii,EmiFos,,
1,North,32.100,2,2018,Feb,9,Eclipta,prostrata,EclPro,,
1,North,32.100,2,2018,Feb,9,Rottboellia,cochinchinensis,RotCoc,,
1,North,32.100,2,2018,Feb,9,Portulaca,oleracea,PorOle,,
1,North,32.100,2,2018,Feb,9,Phyllanthus,amarus,PhyAma,,
1,North,40.1.1,2,2018,Feb,14,Crotalaria,juncea,CroJun,30,N
1,North,40.1.1,2,2018,Feb,14,Sorghum,bicolor,SorBic,5,N
1,North,40.1.1,2,2018,Feb,14,Medicago,lupulina,MedLup,<1,N
1,North,40.1.1,2,2018,Feb,14,Phyllanthus,amarus,PhyAma,<1,N
1,North,40.1.1,2,2018,Feb,14,Eragrostis,barrelieri,EraBar,<1,N
1,North,40.1.1,2,2018,Feb,14,Oxalis,latifolia,OxaLat,<1,N
1,North,40.1.1,2,2018,Feb,14,Eleusine,indica,EleInd,<1,N
1,North,40.1.1,2,2018,Feb,14,Chamaesyce,sp. (hirta or opthalmica),ChaSp.,<1,N
1,North,40.1.1,2,2018,Feb,14,Eleusine,indica,EleInd,<1,N
1,North,40.1.1,2,2018,Feb,14,Digitaria,ciliaris,DigCil,<1,N
1,North,40.1.10,2,2018,Feb,14,Cyperus,rotundus,CypRot,,
1,North,40.1.10,2,2018,Feb,14,Spermacoce,sp.,SpeSp.,,
1,North,40.1.10,2,2018,Feb,14,UD1,,UD1,,
1,North,40.1.10,2,2018,Feb,14,UD2,,UD2,,
1,North,40.1.10,2,2018,Feb,14,Acalypha,alopecuroidea,AcaAlo,,
1,North,40.1.10,2,2018,Feb,14,Eleusine,indica,EleInd,,
1,North,40.1.10,2,2018,Feb,14,Chamaesyce,sp. (hyperissifolia or hyssopifolia),ChaSp.,,
1,North,40.1.10,2,2018,Feb,14,Acalypha,sp.,AcaSp.,,
1,North,40.1.10,2,2018,Feb,14,Nama,jamaicensis,NamJam,,
1,North,40.1.10,2,2018,Feb,14,Digitaria,ciliaris,DigCil,,
1,North,40.1.10,2,2018,Feb,14,Chamaesyce,hirta,ChaHir,,
1,North,40.1.10,2,2018,Feb,14,Portulaca,oleracea,PorOle,,
1,North,40.1.10,2,2018,Feb,14,Lepidium,virginianum,LepVir,,
1,North,40.1.10,2,2018,Feb,14,Eragrostis,barrelieri,EraBar,,
1,North,40.3.1,2,2018,Feb,14,Cyperus,rotundus,CypRot,<1,N
1,North,40.3.1,2,2018,Feb,14,Crotalaria,juncea,CroJun,40,N
1,North,40.3.1,2,2018,Feb,14,Sorghum,bicolor,SorBic,3,N
1,North,40.3.1,2,2018,Feb,14,Eragrostis,barrelieri,EraBar,<1,N
1,North,40.3.1,2,2018,Feb,14,Eleusine,indica,EleInd,<1,N
1,North,40.3.1,2,2018,Feb,14,Phyllanthus,amarus,PhyAma,<1,N
1,North,40.3.1,2,2018,Feb,14,Chamaesyce,sp. (hirta or opthalmica),ChaSp.,<1,N
1,North,40.3.1,2,2018,Feb,14,Digitaria,ciliaris,DigCil,<1,N
1,North,40.3.1,2,2018,Feb,14,UD New,,UD ,<1,N
1,North,40.3.1,2,2018,Feb,14,Medicago,lupulina,MedLup,<1,N
1,North,40.3.1,2,2018,Feb,14,Portulaca,oleracea,PorOle,<1,N
1,North,40.3.1,2,2018,Feb,14,Chamaesyce,hirta,ChaHir,<1,N
1,North,40.3.1,2,2018,Feb,14,Chamaesyce,opthalmica,ChaOpt,<1,N
1,North,40.3.10,2,2018,Feb,14,Leptochloa,sp.,LepSp.,,
1,North,40.3.10,2,2018,Feb,14,Chamaesyce,hyssopifolia,ChaHys,,
1,North,40.3.10,2,2018,Feb,14,Parthenium,hysterophorus,ParHys,,
1,North,40.3.10,2,2018,Feb,14,Amaranthus,hybridus,AmaHyb,,
1,North,40.3.10,2,2018,Feb,14,Portulaca,oleracea,PorOle,,
1,North,40.3.10,2,2018,Feb,14,Nama,jamaicensis,NamJam,,
1,North,40.3.10,2,2018,Feb,14,Acalypha,alopecuroidea,AcaAlo,,
1,North,40.3.10,2,2018,Feb,14,Lepidium,virginianum,LepVir,,
1,North,40.3.10,2,2018,Feb,14,Spermacoce,sp.,SpeSp.,,
1,North,40.3.10,2,2018,Feb,14,Hedyotis,corymbosa,HedCor,,
1,North,40.3.10,2,2018,Feb,14,Setaria,parviflora,SetPar,,
1,North,40.3.10,2,2018,Feb,14,Setaria,viridis,SetVir,,
1,North,40.3.10,2,2018,Feb,14,Oxalis,latifolia,OxaLat,,
1,North,40.3.10,2,2018,Feb,14,Digitaria,ciliaris,DigCil,,
1,North,40.3.10,2,2018,Feb,14,Anagallis,arvensis,AnaArv,,
1,North,40.3.10,2,2018,Feb,14,UF,Fabaceae,UFFab,,
1,North,40.3.10,2,2018,Feb,14,UG,Sedge,UGSed,,
1,North,40.100,2,2018,Feb,14,Portulaca,oleracea,PorOle,,
1,North,40.100,2,2018,Feb,14,Hedyotis,corymbosa,HedCor,,
1,North,40.100,2,2018,Feb,14,Amaranthus,spinosus,AmaSpi,,
1,North,40.100,2,2018,Feb,14,Boerhavia,erecta,BoeEre,,
1,North,40.100,2,2018,Feb,14,Eclipta,prostrata,EclPro,,
1,North,40.100,2,2018,Feb,14,Amaranthus,polygonoides,AmaPol,,
1,North,40.100,2,2018,Feb,14,Chamaesyce,opthalmica,ChaOpt,,
1,North,40.100,2,2018,Feb,14,Paspalum,fimbriatum,PasFim,,
1,North,40.100,2,2018,Feb,14,Cyperus,rotundus,CypRot,,
1,North,40.100,2,2018,Feb,14,Oenothera,laciniata,OenLac,,
1,North,40.100,2,2018,Feb,14,Parthenium,hysterophorus,ParHys,,
1,North,40.100,2,2018,Feb,14,Chamaesyce,hyssopifolia,ChaHys,,
1,North,41.1.1,2,2018,Feb,9,Oxalis,latifolia,OxaLat,<1,N
1,North,41.1.1,2,2018,Feb,9,Oenothera,laciniata,OenLac,<1,N
1,North,41.1.1,2,2018,Feb,9,Nama,jamaicensis,NamJam,<1,N
1,North,41.1.1,2,2018,Feb,9,Eragrostis,barrelieri,EraBar,<1,N
1,North,41.1.1,2,2018,Feb,9,Medicago,lupulina,MedLup,<1,N
1,North,41.1.1,2,2018,Feb,9,Eleusine,indica,EleInd,<1,N
1,North,41.1.1,2,2018,Feb,9,Acalypha,alopecuroidea,AcaAlo,<1,N
1,North,41.1.1,2,2018,Feb,9,Pilea,microphylla,PilMic,<1,N
1,North,41.1.10,2,2018,Feb,9,Cyperus,rotundus,CypRot,,
1,North,41.1.10,2,2018,Feb,9,Medicago,lupulina,MedLup,,
1,North,41.1.10,2,2018,Feb,9,Euphorbia,heterophylla,EupHet,,
1,North,41.1.10,2,2018,Feb,9,Phyllanthus,amarus,PhyAma,,
1,North,41.1.10,2,2018,Feb,9,Amaranthus,hybridus,AmaHyb,,
1,North,41.1.10,2,2018,Feb,9,Spermacoce,remota,SpeRem,,
1,North,41.1.10,2,2018,Feb,9,Lepidium,virginianum,LepVir,,
1,North,41.1.10,2,2018,Feb,9,Parthenium,hysterophorus,ParHys,,
1,North,41.1.10,2,2018,Feb,9,Setaria,parviflora,SetPar,,
1,North,41.1.10,2,2018,Feb,9,Eclipta,prostrata,EclPro,,
1,North,41.1.10,2,2018,Feb,9,Amaranthus,spinosus,AmaSpi,,
1,North,41.1.10,2,2018,Feb,9,Portulaca,oleracea,PorOle,,
1,North,41.1.10,2,2018,Feb,9,Digitaria,ciliaris,DigCil,,
1,North,41.1.10,2,2018,Feb,9,Chamaesyce,hirta,ChaHir,,
1,North,41.1.10,2,2018,Feb,9,Anagallis,arvensis,AnaArv,,
1,North,41.4.1,2,2018,Feb,9,Oxalis,Latifolia,OxaLat,< 1,N
1,North,41.4.1,2,2018,Feb,9,Chamaesyce,hyssopifolia,ChaHys,< 1,N
1,North,41.4.1,2,2018,Feb,9,Acalypha,setosa,AcaSet,< 1,N
1,North,41.4.1,2,2018,Feb,9,Amaranthus,hybridus,AmaHyb,< 1,N
1,North,41.4.1,2,2018,Feb,9,Sida,ulmifolia,SidUlm,< 1,N
1,North,41.4.1,2,2018,Feb,9,Eragrostis,barrelieri,EraBar,< 1,N
1,North,41.4.1,2,2018,Feb,9,Digitaria,ciliaris,DigCil,< 1,N
1,North,41.4.1,2,2018,Feb,9,Boerhavia,erecta,BoeEre,< 1,N
1,North,41.4.1,2,2018,Feb,9,Tridax,procumbens,TriPro,< 1,N
1,North,41.4.1,2,2018,Feb,9,Amaranthus,polygonoides,AmaPol,< 1,N
1,North,41.4.1,2,2018,Feb,9,Phyllanthus,amarus,PhyAma,< 1,N
1,North,41.4.1,2,2018,Feb,9,Medicago,lupulina,MedLup,< 1,N
1,North,41.4.1,2,2018,Feb,9,Acalypha,alopecuroidea,AcaAlo,< 1,N
1,North,41.4.1,2,2018,Feb,9,Chenopodium,album,CheAlb,< 1,N
1,North,41.4.1,2,2018,Feb,9,Parthenium,hysterophorus,ParHys,< 1,N
1,North,41.4.1,2,2018,Feb,9,Eleusine,indica,EleInd,< 1,N
1,North,41.4.1,2,2018,Feb,9,Portulaca,oleracea,PorOle,< 1,N
1,North,41.4.1,2,2018,Feb,9,Cyperus,rotundus,CypRot,< 1,N
1,North,41.4.1,2,2018,Feb,9,Chenopodium,album,CheAlb,< 1,N
1,North,41.4.1,2,2018,Feb,9,Setaria,parviflora,SetPar,< 1,N
1,North,41.4.10,2,2018,Feb,9,Euphorbia,Heterophyla,EupHet,,
1,North,41.4.10,2,2018,Feb,9,Cyperus,rotundus,CypRot,,
1,North,41.4.10,2,2018,Feb,9,Amaranthus,polygonoides,AmaPol,,
1,North,41.4.10,2,2018,Feb,9,Phyllanthus,amarus,PhyAma,,
1,North,41.4.10,2,2018,Feb,9,Digitaria,ciliaris,DigCil,,
1,North,41.4.10,2,2018,Feb,9,Lepidium,virginianum,LepVir,,
1,North,41.4.10,2,2018,Feb,9,Eleusine,indica,EleInd,,
1,North,41.4.10,2,2018,Feb,9,Setaria,parviflora,SetPar,,
1,North,41.4.10,2,2018,Feb,9,Sida,ulmifolia,SidUlm,,
1,North,41.4.10,2,2018,Feb,9,Chenopodium,album,CheAlb,,
1,North,41.4.10,2,2018,Feb,9,Eragrostis,barrelieri,EraBar,,
1,North,41.4.10,2,2018,Feb,9,Portulaca,oleracea,PorOle,,
1,North,41.4.10,2,2018,Feb,9,Boerhavia,erecta,BoeEre,,
1,North,41.4.10,2,2018,Feb,9,Anagallis,arvensis,AnaArv,,
1,North,41.4.10,2,2018,Feb,9,Setaria,parviflora,SetPar,,
1,North,41.4.10,2,2018,Feb,9,Amaranthus,hybridus,AmaHyb,,
1,North,41.4.10,2,2018,Feb,9,Chamaesyce,hyperissifolia,ChaHyp,,
1,North,41.4.10,2,2018,Feb,9,Chamaesyce,hirta,ChaHir,,
1,North,41.4.10,2,2018,Feb,9,Parthenium,hysterophorus,ParHys,,
1,North,41.4.10,2,2018,Feb,9,Chamaesyce,hyperissifolia,ChaHyp,,
1,North,41.4.10,2,2018,Feb,9,Acalypha,setosa,AcaSet,,
1,North,41.4.10,2,2018,Feb,9,Oenothera,laciniata,OenLac,,
1,North,41.4.10,2,2018,Feb,9,Tridax,procumbens,TriPro,,
1,North,41.4.10,2,2018,Feb,9,Nama,jamaicensis,NamJam,,
1,North,41.4.10,2,2018,Feb,9,Urochloa,distachya,UroDis,,
1,North,41.4.10,2,2018,Feb,9,Macroptilium,lathyroides,MacLat,,
1,North,41.4.10,2,2018,Feb,9,Cenchrus,echinatus,CenEch,,
1,North,41.100,2,2018,Feb,9,Chamaesyce,hyssopifolia,ChaHys,,
1,North,41.100,2,2018,Feb,9,Amaranthus,spinosus,AmaSpi,,
1,North,41.100,2,2018,Feb,9,Acalypha,alopecuroidea,AcaAlo,,
1,North,41.100,2,2018,Feb,9,Chamaesyce,prostrata,ChaPro,,
1,North,41.100,2,2018,Feb,9,Chamaesyce,opthalmica,ChaOpt,,
1,North,41.100,2,2018,Feb,9,Nama,jamaicensis,NamJam,,
1,North,41.100,2,2018,Feb,9,Chamaesyce,hirta,ChaHir,,
1,North,41.100,2,2018,Feb,9,Crotalaria,juncea,CroJun,,
1,North,41.100,2,2018,Feb,9,Spermacoce,tetraquetra,SpeTet,,
1,North,41.100,2,2018,Feb,9,Sorghum,bicolor,SorBic,,
1,North,41.100,2,2018,Feb,9,Macroptilium,lathyroides,MacLat,,
1,North,41.100,2,2018,Feb,9,Solanum,americanum,SolAme,,
1,North,41.100,2,2018,Feb,9,Paspalum,fimbriatum,PasFim,,
1,North,41.100,2,2018,Feb,9,Chamaesyce,hyperissifolia,ChaHyp,,
1,North,41.100,2,2018,Feb,9,Spermacoce,remota,SpeRem,,
1,North,41.100,2,2018,Feb,9,Chromalaena,odorata,ChrOdo,,
1,North,41.100,2,2018,Feb,9,Sonchus,oleraceus,SonOle,,
1,South,31.1.1,1,2018,Mar,9,Crotalaria,juncea,CroJun,20,N
1,South,31.1.1,1,2018,Mar,9,Sorghum,bicolor,SorBic,5,N
1,South,31.1.1,1,2018,Mar,9,Medicago,lupulina,MedLup,1,N
1,South,31.1.1,1,2018,Mar,9,Anagallis,arvensis,AnaArv,<1,N
1,South,31.1.1,1,2018,Mar,9,Chamaesyce,hyssopifolia,ChaHys,<1,N
1,South,31.1.1,1,2018,Mar,9,Chamaesyce,hirta,ChaHir,<1,N
1,South,31.1.10,1,2018,Mar,9,Oenothera,laciniata,OenLac,,
1,South,31.4.1,1,2018,Mar,9,Crotalaria,juncea,CroJun,15,N
1,South,31.4.1,1,2018,Mar,9,Sorghum,bicolor,SorBic,3,N
1,South,31.4.1,1,2018,Mar,9,Oxalis,latifolia,OxaLat,<1,N
1,South,31.4.1,1,2018,Mar,9,Oenothera,laciniata,OenLac,<1,N
1,South,31.4.1,1,2018,Mar,9,Medicago,lupulina,MedLup,1,N
1,South,31.4.1,1,2018,Mar,9,Anagallis,arvensis,AnaArv,<1,N
1,South,31.4.10,1,2018,Mar,9,Tridax,procumbens,TriPro,,
1,South,31.100,1,2018,Mar,9,Chamaesyce,opthalmica,ChaOpt,,
1,South,31.100,1,2018,Mar,9,Lepidium,virginianum,LepVir,,
1,South,31.100,1,2018,Mar,9,Macroptilium,lathyroides,MacLat,,
1,South,31.100,1,2018,Mar,9,Oxalis,latifolia,OxaLat,,
1,South,31.100,1,2018,Mar,9,Emilia,fosbergii,EmiFos,,
1,South,31.100,1,2018,Mar,9,Bidens,alba,BidAlb,,
1,South,31.100,1,2018,Mar,9,Eragrostis,barrelieri,EraBar,,
1,South,32.2.1,1,2018,Mar,7,Oxalis,latifolia,OxaLat,1,N
1,South,32.2.1,1,2018,Mar,7,Boerhavia,erecta,BoeEre,<1,N
1,South,32.2.1,1,2018,Mar,7,Cyperus,rotundus,CypRot,<1,N
1,South,32.2.1,1,2018,Mar,7,Euphorbia,heterophylla,EupHet,<1,N
1,South,32.2.1,1,2018,Mar,7,UD,Setaria?,UDSet,<1,N
1,South,32.2.1,1,2018,Mar,7,Acalypha,alopecuroidea,AcaAlo,<1,N
1,South,32.2.10,1,2018,Mar,7,Parthenium,hysterophorus,ParHys,,
1,South,32.2.10,1,2018,Mar,7,Digitaria,ciliaris,DigCil,,
1,South,32.2.10,1,2018,Mar,7,Oenothera,laciniata,OenLac,,
1,South,32.2.10,1,2018,Mar,7,Setaria,viridis,SetVir,,
1,South,32.2.10,1,2018,Mar,7,Medicago,lupulina,MedLup,,
1,South,32.2.10,1,2018,Mar,7,Amaranthus,spinosus,AmaSpi,,
1,South,32.2.10,1,2018,Mar,7,Solanum,americanum,SolAme,,
1,South,32.2.10,1,2018,Mar,7,Acalypha,alopecuroidea,AcaAlo,,
1,South,32.2.10,1,2018,Mar,7,Chamaesyce,hyperissifolia,ChaHyp,,
1,South,32.4.1,1,2018,Mar,7,Oxalis,latifolia,OxaLat,3,N
1,South,32.4.1,1,2018,Mar,7,Cyperus,rotundus,CypRot,<1,N
1,South,32.4.1,1,2018,Mar,7,UD,Setaria?,UDSet,<1,N
1,South,32.4.1,1,2018,Mar,7,Euphorbia,heterophylla,EupHet,<1,N
1,South,32.4.1,1,2018,Mar,7,Acalypha,alopecuroidea,AcaAlo,<1,N
1,South,32.4.10,1,2018,Mar,7,Medicago,lupulina,MedLup,,
1,South,32.4.10,1,2018,Mar,7,Cenchrus,echinatus,CenEch,,
1,South,32.4.10,1,2018,Mar,7,Macroptilium,lathyroides,MacLat,,
1,South,32.4.10,1,2018,Mar,7,Anagallis,arvensis,AnaArv,,
1,South,32.4.10,1,2018,Mar,7,Parthenium,hysterophorus,ParHys,,
1,South,32.4.10,1,2018,Mar,7,Oenothera,laciniata,OenLac,,
1,South,32.4.10,1,2018,Mar,7,Boerhavia,erecta,BoeEre,,
1,South,32.4.10,1,2018,Mar,7,Setaria,viridis,SetVir,,
1,South,32.4.10,1,2018,Mar,7,Solanum,americanum,SolAme,,
1,South,32.4.10,1,2018,Mar,7,Portulaca,oleracea,PorOle,,
1,South,32.4.10,1,2018,Mar,7,Chenopodium,album,CheAlb,,
1,South,32.4.10,1,2018,Mar,7,Chamaesyce,hirta,ChaHir,,
1,South,32.4.10,1,2018,Mar,7,Tridax,procumbens,TriPro,,
1,South,32.4.10,1,2018,Mar,7,Lepidium,virginianum,LepVir,,
1,South,32.4.10,1,2018,Mar,7,Chamaesyce,hyssopifolia,ChaHys,,
1,South,32.4.10,1,2018,Mar,7,Phyllanthus,amarus,PhyAma,,
1,South,32.4.10,1,2018,Mar,7,Sonchus,asper or oleraceus,SonAsp,,
1,South,32.4.10,1,2018,Mar,7,Sida,ulmifolia,SidUlm,,
1,South,32.4.10,1,2018,Mar,7,Amaranthus,hybridus,AmaHyb,,
1,South,32.4.10,1,2018,Mar,7,Emilia,fosbergii,EmiFos,,
1,South,40.1.1,1,2018,Mar,9,Crotalaria,juncea,CroJun,20,N
1,South,40.1.1,1,2018,Mar,9,Sorghum,bicolor,SorBic,1,N
1,South,40.1.1,1,2018,Mar,9,Medicago,lupulina,MedLup,<1,N
1,South,40.1.1,1,2018,Mar,9,Oenothera,laciniata,OenLac,<1,N
1,South,40.1.1,1,2018,Mar,9,Chamaesyce,opthalmica,ChaOpt,<1,N
1,South,40.1.10,1,2018,Mar,9,Tridax,procumbens,TriPro,,
1,South,40.1.10,1,2018,Mar,9,Anagallis,arvensis,AnaArv,,
1,South,40.3.1,1,2018,Mar,9,Crotalaria,juncea,CroJun,20,N
1,South,40.3.1,1,2018,Mar,9,Sorghum,bicolor,SorBic,3,N
1,South,40.3.1,1,2018,Mar,9,Anagallis,arvensis,AnaArv,<1,N
1,South,40.3.1,1,2018,Mar,9,Medicago,lupulina,MedLup,<1,N
1,South,40.3.1,1,2018,Mar,9,Digitaria,ciliaris?,DigCil,<1,N
1,South,40.3.1,1,2018,Mar,9,Eragrostis,barrelieri,EraBar,<1,N
1,South,40.3.10,1,2018,Mar,9,Emilia,fosbergii,EmiFos,,
1,South,40.3.10,1,2018,Mar,9,Tridax,procumbens,TriPro,,
1,South,40.100,1,2018,Mar,9,Oxalis,latifolia,OxaLat,,
1,South,40.100,1,2018,Mar,9,Chamaesyce,hirta,ChaHir,,
1,South,40.100,1,2018,Mar,9,Cyperus,rotundus,CypRot,,
1,South,40.100,1,2018,Mar,9,Phyllanthus,amarus,PhyAma,,
1,South,40.100,1,2018,Mar,9,Euphorbia,heterophylla,EupHet,,
1,South,41.1.1,1,2018,Mar,7,Oenothera,laciniata,OenLac,1,N
1,South,41.1.1,1,2018,Mar,7,Anagallis,arvensis,AnaArv,<1,N
1,South,41.1.1,1,2018,Mar,7,Oxalis,latifolia,OxaLat,<1,N
1,South,41.1.1,1,2018,Mar,7,UG,Setaria,UGSet,<1,N
1,South,41.1.10,1,2018,Mar,7,Medicago,lupulina,MedLup,,
1,South,41.1.10,1,2018,Mar,7,Solanum,americanum,SolAme,,
1,South,41.1.10,1,2018,Mar,7,Cyperus,rotundus,CypRot,,
1,South,41.1.10,1,2018,Mar,7,Nama,jamaicensis,NamJam,,
1,South,41.1.10,1,2018,Mar,7,Macroptilium,lathyroides,MacLat,,
1,South,41.1.10,1,2018,Mar,7,Argemone,mexicana,ArgMex,,
1,South,41.1.10,1,2018,Mar,7,Chamaesyce,hyssopifolia,ChaHys,,
1,South,41.1.10,1,2018,Mar,7,Lepidium,virginianum,LepVir,,
1,South,41.1.10,1,2018,Mar,7,Portulaca,oleracea,PorOle,,
1,South,41.4.1,1,2018,Mar,7,Oxalis,latifolia,OxaLat,1,N
1,South,41.4.1,1,2018,Mar,7,Medicago,lupulina,MedLup,5,N
1,South,41.4.1,1,2018,Mar,7,Chenopodium,album,CheAlb,<1,N
1,South,41.4.1,1,2018,Mar,7,UG,Digitaria or Seteria,UGDig,<1,N
1,South,41.4.1,1,2018,Mar,7,Digitaria,ciliaris,DigCil,<1,N
1,South,41.4.1,1,2018,Mar,7,Eleusine,indica,EleInd,<1,N
1,South,41.4.1,1,2018,Mar,7,Euphorbia,heterophylla,EupHet,<1,N
1,South,41.4.1,1,2018,Mar,7,Cyperus,rotundus,CypRot,<1,N
1,South,41.4.10,1,2018,Mar,7,Digitaria,ciliaris,DigCil,,
1,South,41.4.10,1,2018,Mar,7,Setaria,viridis,SetVir,,
1,South,41.4.10,1,2018,Mar,7,Oenothera,laciniata,OenLac,,
1,South,41.4.10,1,2018,Mar,7,Crassocephalum,crespidioides,CraCre,,
1,South,41.4.10,1,2018,Mar,7,Sida,ulmifolia,SidUlm,,
1,South,41.4.10,1,2018,Mar,7,Boerhavia,erecta,BoeEre,,
1,South,41.4.10,1,2018,Mar,7,Portulaca,oleracea,PorOle,,
1,South,41.4.10,1,2018,Mar,7,Acalypha,alopecuroidea,AcaAlo,,
1,South,41.4.10,1,2018,Mar,7,Amaranthus,spinosus,AmaSpi,,
1,South,41.100,1,2018,Mar,7,Amaranthus,hybridus,AmaHyb,,
1,South,41.100,1,2018,Mar,7,Parthenium,hysterophorus,ParHys,,
1,South,41.100,1,2018,Mar,7,Sonchus,oleraceus,SonOle,,
1,South,41.100,1,2018,Mar,7,Cenchrus,echinatus,CenEch,,
1,South,41.100,1,2018,Mar,7,Tridax,procumbens,TriPro,,
1,South,41.100,1,2018,Mar,7,Crotalaria,juncea,CroJun,,
1,South,41.100,1,2018,Mar,7,Sorghum,bicolor,SorBic,,
1,South,41.100,1,2018,Mar,7,Eragrostis,barrelieri,EraBar,,
1,South,41.100,1,2018,Mar,7,UG,Paspalum,UGPas,,
1,South,41.100,1,2018,Mar,7,Emilia,fosbergii,EmiFos,,
1,South,41.100,1,2018,Mar,7,Desmodium,tortuosum,DesTor,,
1,South,41.100,1,2018,Mar,7,Chamaesyce,opthalmica,ChaOpt,,
1,South,41.100,1,2018,Mar,7,Chamaesyce,hirta,ChaHir,,
1,South,41.100,1,2018,Mar,7,Chamaesyce,hyperissifolia,ChaHyp,,
4,North,31.1.1,1,2018,Jan,10,Bidens,alba,BidAlb,10,N
4,North,31.1.1,1,2018,Jan,10,Alysicarpus,vaginalis,AlyVag,4,N
4,North,31.1.1,1,2018,Jan,10,Cenchrus,echinatus,CenEch,1,N
4,North,31.1.1,1,2018,Jan,10,Dichanthium,aristatum,DicAri,<1,N
4,North,31.1.1,1,2018,Jan,10,Bothriochloa,pertusa,BotPer,<1,N
4,North,31.1.1,1,2018,Jan,10,Digitaria,ciliaris,DigCil,<1,N
4,North,31.1.1,1,2018,Jan,10,Paspalum,fimbriatum,PasFim,<1,N
4,North,31.1.1,1,2018,Jan,10,Chamaesyce,hirta,ChaHir,<1,N
4,North,31.1.1,1,2018,Jan,10,Sida,ulmifolia,SidUlm,<1,N
4,North,31.1.1,1,2018,Jan,10,Cyperus,rotundus,CypRot,<1,N
4,North,31.1.1,1,2018,Jan,10,Aeschynomene,americana,AesAme,<1,N
4,North,31.1.1,1,2018,Jan,10,Eragrostis,ciliaris,EraCil,<1,N
4,North,31.1.1,1,2018,Jan,10,Pectis,prostrata,PecPro,<1,N
4,North,31.1.1,1,2018,Jan,10,Desmodium,triflorum,DesTri,<1,N
4,North,31.1.1,1,2018,Jan,10,Hedyotis,corymbosa,HedCor,<1,N
4,North,31.1.1,1,2018,Jan,10,Oxalis,latifolia,OxaLat,<1,N
4,North,31.1.1,1,2018,Jan,10,Phyllanthus,amarus,PhyAma,<1,N
4,North,31.1.1,1,2018,Jan,10,Indigofera,spicata,IndSpi,<1,N
4,North,31.1.1,1,2018,Jan,10,Tridax,procumbens,TriPro,<1,N
4,North,31.1.1,1,2018,Jan,10,Chamaesyce,hyssopifolia,ChaHys,<1,N
4,North,31.1.1,1,2018,Jan,10,Chloris,radiata,ChlRad,<1,N
4,North,31.1.10,1,2018,Jan,10,Parthenium,hysterophorus,ParHys,,
4,North,31.1.10,1,2018,Jan,10,Chamaesyce,opthalmica,ChaOpt,,
4,North,31.1.10,1,2018,Jan,10,Spermacoce,remota,SpeRem,,
4,North,31.4.1,1,2018,Jan,10,Paspalum,notatum,PasNot,70,N
4,North,31.4.1,1,2018,Jan,10,Dichanthium,aristatum,DicAri,2,N
4,North,31.4.1,1,2018,Jan,10,Chloris,radiata,ChlRad,<1,N
4,North,31.4.1,1,2018,Jan,10,Indigofera,spicata,IndSpi,<1,N
4,North,31.4.1,1,2018,Jan,10,Sida,ulmifolia,SidUlm,<1,N
4,North,31.4.1,1,2018,Jan,10,Urochloa,sp,UroSp,<1,N
4,North,31.4.1,1,2018,Jan,10,Bidens,alba,BidAlb,<1,N
4,North,31.4.1,1,2018,Jan,10,Medicago,lupulina,MedLup,<1,N
4,North,31.4.1,1,2018,Jan,10,Calyptocarpus,vialis,CalVia,<1,N
4,North,31.4.1,1,2018,Jan,10,Alysicarpus,vaginalis,AlyVag,<1,N
4,North,31.4.1,1,2018,Jan,10,Paspalum,fimbriatum,PasFim,<1,N
4,North,31.4.1,1,2018,Jan,10,Digitaria,ciliaris,DigCil,<1,N
4,North,31.4.1,1,2018,Jan,10,Desmodium,triflorum,DesTri,<1,N
4,North,31.4.10,1,2018,Jan,10,Cenchrus,echinatus,CenEch,,
4,North,31.4.10,1,2018,Jan,10,UD1,,UD1,,
4,North,31.4.10,1,2018,Jan,10,Chamaesyce,prostrata,ChaPro,,
4,North,31.4.10,1,2018,Jan,10,Paspalum,sp,PasSp,,
4,North,31.4.10,1,2018,Jan,10,Spermacoce,remota,SpeRem,,
4,North,31.4.10,1,2018,Jan,10,Sporobolus,indicus,SpoInd,,
4,North,31.100,1,2018,Jan,10,Euphorbia,graminea,EupGra,,
4,North,31.100,1,2018,Jan,10,Euphorbia,heterophylla,EupHet,,
4,North,31.100,1,2018,Jan,10,Nama,jamaicensis,NamJam,,
4,North,31.100,1,2018,Jan,10,Amaranthus,polygonoides,AmaPol,,
4,North,31.100,1,2018,Jan,10,Parthenium,hysterophorus,ParHys,,
4,North,31.100,1,2018,Jan,10,Boerhavia,erecta,BoeEre,,
4,North,31.100,1,2018,Jan,10,Amaranthus,spinosus,AmaSpi,,
4,North,31.100,1,2018,Jan,10,Emilia,sonchifolia,EmiSon,,
4,North,31.100,1,2018,Jan,10,Sorghum,bicolor,SorBic,,
4,North,31.100,1,2018,Jan,10,Oenethera,laciniata,OenLac,,
4,North,31.100,1,2018,Jan,10,Oxalis,corniculata,OxaCor,,
4,North,32.2.1,1,2018,Jan,12,Anagallis,arvensis,AnaArv,<1,N
4,North,32.2.1,1,2018,Jan,12,Sorghum,bicolor,SorBic,5,N
4,North,32.2.1,1,2018,Jan,12,Nama,jamaicensis,NamJam,<1,N
4,North,32.2.1,1,2018,Jan,12,Oxalis,latifolia,OxaLat,<1,N
4,North,32.2.1,1,2018,Jan,12,Parthenium,hysterophorus,ParHys,<1,N
4,North,32.2.1,1,2018,Jan,12,Bidens,alba,BidAlb,<1,N
4,North,32.2.1,1,2018,Jan,12,Chamaesyce,hirta,ChaHir,<1,N
4,North,32.2.1,1,2018,Jan,12,Chamaesyce,hyperissifolia,ChaHyp,<1,N
4,North,32.2.1,1,2018,Jan,12,Tridax,procumbens,TriPro,<1,N
4,North,32.2.1,1,2018,Jan,12,Cyperus,rotundus,CypRot,<1,N
4,North,32.2.1,1,2018,Jan,12,Desmodium,triflorum,DesTri,<1,N
4,North,32.2.1,1,2018,Jan,12,Chamaesyce,opthalmica,ChaOpt,<1,N
4,North,32.2.1,1,2018,Jan,12,Medicago,lupulina,MedLup,<1,N
4,North,32.2.1,1,2018,Jan,12,Pectis,prostrata,PecPro,<1,N
4,North,32.2.1,1,2018,Jan,12,Oenethera,laciniata,OenLac,<1,N
4,North,32.2.1,1,2018,Jan,12,Boerhavia,erecta,BoeEre,<1,N
4,North,32.2.1,1,2018,Jan,12,UD1,,UD1,<1,N
4,North,32.2.1,1,2018,Jan,12,Phyllanthus,amarus,PhyAma,<1,N
4,North,32.2.10,1,2018,Jan,12,UD2,,UD2,,
4,North,32.2.10,1,2018,Jan,12,Acalypha,alopecuroidea,AcaAlo,,
4,North,32.2.10,1,2018,Jan,12,Sida,ulmifolia,SidUlm,,
4,North,32.2.10,1,2018,Jan,12,Aeschynomene,americana,AesAme,,
4,North,32.2.10,1,2018,Jan,12,Hedyotis,corymbosa,HedCor,,
4,North,32.2.10,1,2018,Jan,12,Portulaca,oleracea,PorOle,,
4,North,32.2.10,1,2018,Jan,12,Eragrostis,barrelieri,EraBar,,
4,North,32.2.10,1,2018,Jan,12,Alysicarpus,vaginalis,AlyVag,,
4,North,32.2.10,1,2018,Jan,12,Calyptocarpus,vialis,CalVia,,
4,North,32.2.10,1,2018,Jan,12,Crotalaria,juncea,CroJun,,
4,North,32.2.10,1,2018,Jan,12,Cenchrus,echinatus,CenEch,,
4,North,32.2.10,1,2018,Jan,12,Paspalum,fimbriatum,PasFim,,
4,North,32.2.10,1,2018,Jan,12,Spermacoce,tetraquetra,SpeTet,,
4,North,32.2.10,1,2018,Jan,12,Euphorbia,graminea,EupGra,,
4,North,32.2.10,1,2018,Jan,12,Euphorbia,heterophylla,EupHet,,
4,North,32.2.10,1,2018,Jan,12,Urochloa,sp,UroSp,,
4,North,32.2.10,1,2018,Jan,12,Eragrostis,amabilis,EraAma,,
4,North,32.4.1,1,2018,Jan,12,Paspalum,notatum,PasNot,60,N
4,North,32.4.1,1,2018,Jan,12,Sida,ulmifolia,SidUlm,1,N
4,North,32.4.1,1,2018,Jan,12,Alysicarpus,vaginalis,AlyVag,2,N
4,North,32.4.1,1,2018,Jan,12,Medicago,lupulina,MedLup,<1,N
4,North,32.4.1,1,2018,Jan,12,Indigofera,spicata,IndSpi,<1,N
4,North,32.4.1,1,2018,Jan,12,Desmodium,triflorum,DesTri,<1,N
4,North,32.4.1,1,2018,Jan,12,Chloris,radiata,ChlRad,<1,N
4,North,32.4.1,1,2018,Jan,12,Paspalum,fimbriatum,PasFim,<1,N
4,North,32.4.1,1,2018,Jan,12,Dichanthium,aristatum,DicAri,<1,N
4,North,32.4.1,1,2018,Jan,12,Calyptocarpus,vialis,CalVia,<1,N
4,North,32.4.1,1,2018,Jan,12,Digitaria,ciliaris,DigCil,<1,N
4,North,32.4.10,1,2018,Jan,12,Mecardonia,procumbens,MecPro,,
4,North,32.4.10,1,2018,Jan,12,Spermacoce,sp,SpeSp,,
4,North,32.4.10,1,2018,Jan,12,Eragrostis,ciliaris,EraCil,,
4,North,32.4.10,1,2018,Jan,12,Chamaesyce,prostrata,ChaPro,,
4,North,32.4.10,1,2018,Jan,12,Sporobolus,indicus,SpoInd,,
4,North,32.4.10,1,2018,Jan,12,Cenchrus,echinatus,CenEch,,
4,North,32.4.10,1,2018,Jan,12,UD3,,UD3,,
4,North,32.4.10,1,2018,Jan,12,Chamaesyce,hirta,ChaHir,,
4,North,32.100,1,2018,Jan,12,Setaria,parviflora,SetPar,,
4,North,32.100,1,2018,Jan,12,Bothriochloa,pertusa,BotPer,,
4,North,32.100,1,2018,Jan,12,Amaranthus,spinosus,AmaSpi,,
4,North,40.1.1,1,2018,Jan,22,Paspalum,notatum,PasNot,70,N
4,North,40.1.1,1,2018,Jan,22,Calyptocarpus,vialis,CalVia,20,N
4,North,40.1.1,1,2018,Jan,22,Alysicarpus,vaginalis,AlyVag,<1,N
4,North,40.1.1,1,2018,Jan,22,Medicago,lupulina,MedLup,<1,N
4,North,40.1.1,1,2018,Jan,22,Sporobolus,indicus,SpoInd,<1,N
4,North,40.1.1,1,2018,Jan,22,Spermacoce,remota,SpeRem,<1,N
4,North,40.1.1,1,2018,Jan,22,Chamaesyce,hirta,ChaHir,<1,N
4,North,40.1.1,1,2018,Jan,22,Desmodium,triflorum,DesTri,<1,N
4,North,40.1.1,1,2018,Jan,22,Chamaesyce,opthalmica,ChaOpt,<1,N
4,North,40.1.1,1,2018,Jan,22,Oxalis,corniculata,OxaCor,<1,N
4,North,40.1.1,1,2018,Jan,22,Digitaria,ciliaris,DigCil,<1,N
4,North,40.1.1,1,2018,Jan,22,Indigofera,spicata,IndSpi,<1,N
4,North,40.1.1,1,2018,Jan,22,Ruellia,blechum,RueBle,<1,N
4,North,40.1.10,1,2018,Jan,22,Cyonodon,dactylon,CyoDac,,
4,North,40.1.10,1,2018,Jan,22,Chloris,radiata,ChlRad,,
4,North,40.1.10,1,2018,Jan,22,Apium,leptophyllum,ApiLep,,
4,North,40.1.10,1,2018,Jan,22,Nama,jamaicensis,NamJam,,
4,North,40.3.1,1,2018,Jan,22,Euphorbia,graminea,EupGra,10,N
4,North,40.3.1,1,2018,Jan,22,Lepidium,virginianum,LepVir,2,N
4,North,40.3.1,1,2018,Jan,22,Apium,leptophyllum,ApiLep,<1,N
4,North,40.3.1,1,2018,Jan,22,Medicago,lupulina,MedLup,<1,N
4,North,40.3.1,1,2018,Jan,22,Chamaesyce,opthalmica,ChaOpt,<1,N
4,North,40.3.10,1,2018,Jan,22,Mangifera,indica,ManInd,,
4,North,40.3.10,1,2018,Jan,22,Parthenium,hysterophorus,ParHys,,
4,North,40.3.10,1,2018,Jan,22,Amaranthus,viridis,AmaVir,,
4,North,40.3.10,1,2018,Jan,22,Chamaesyce,hirta,ChaHir,,
4,North,40.3.10,1,2018,Jan,22,Oxalis,corniculata,OxaCor,,
4,North,40.3.10,1,2018,Jan,22,Digitaria,ciliaris,DigCil,,
4,North,40.3.10,1,2018,Jan,22,Eragrostis,amabilis,EraAma,,
4,North,40.3.10,1,2018,Jan,22,Sida,ulmifolia,SidUlm,,
4,North,40.3.10,1,2018,Jan,22,Ruellia,blechum,RueBle,,
4,North,40.3.10,1,2018,Jan,22,Sporobolus,indicus,SpoInd,,
4,North,40.3.10,1,2018,Jan,22,Paspalum,notatum,PasNot,,
4,North,40.3.10,1,2018,Jan,22,Calyptocarpus,vialis,CalVia,,
4,North,40.3.10,1,2018,Jan,22,Indigofera,spicata,IndSpi,,
4,North,40.3.10,1,2018,Jan,22,Urochloa,sp,UroSp,,
4,North,40.3.10,1,2018,Jan,22,Cyonodon,dactylon,CyoDac,,
4,North,40.3.10,1,2018,Jan,22,Cissus,verticillata,CisVer,,
4,North,40.3.10,1,2018,Jan,22,Phyllanthus,amarus,PhyAma,,
4,North,40.3.10,1,2018,Jan,22,Bidens,alba,BidAlb,,
4,North,40.3.10,1,2018,Jan,22,Spermacoce,remota,SpeRem,,
4,North,40.100,1,2018,Jan,22,Ruellia,ciliatiflora,RueCil,,
4,North,40.100,1,2018,Jan,22,Salvia,occidentalis,SalOcc,,
4,North,40.100,1,2018,Jan,22,Acalypha,setosa,AcaSet,,
4,North,40.100,1,2018,Jan,22,Mecardonia,procumbens,MecPro,,
4,North,41.1.1,1,2018,Jan,12,Paspalum,notatum,PasNot,80,N
4,North,41.1.1,1,2018,Jan,12,Indigofera,spicata,IndSpi,1,N
4,North,41.1.1,1,2018,Jan,12,Desmodium,triflorum,DesTri,<1,N
4,North,41.1.1,1,2018,Jan,12,Calyptocarpus,vialis,CalVia,<1,N
4,North,41.1.1,1,2018,Jan,12,Alysicarpus,vaginalis,AlyVag,<1,N
4,North,41.1.1,1,2018,Jan,12,Sida,ulmifolia,SidUlm,<1,N
4,North,41.1.1,1,2018,Jan,12,Digitaria,ciliaris,DigCil,<1,N
4,North,41.1.1,1,2018,Jan,12,UD1,,UD1,<1,N
4,North,41.1.1,1,2018,Jan,12,Chloris,radiata,ChlRad,<1,N
4,North,41.1.10,1,2018,Jan,12,Sporobolus,indicus,SpoInd,,
4,North,41.1.10,1,2018,Jan,12,Chamaesyce,hirta,ChaHir,,
4,North,41.1.10,1,2018,Jan,12,Medicago,lupulina,MedLup,,
4,North,41.4.1,1,2018,Jan,12,Calyptocarpus,vialis,CalVia,70,N
4,North,41.4.1,1,2018,Jan,12,Digitaria,ciliaris,DigCil,1,N
4,North,41.4.1,1,2018,Jan,12,Sporobolus,indicus,SpoInd,<1,N
4,North,41.4.1,1,2018,Jan,12,Sida,ulmifolia,SidUlm,<1,N
4,North,41.4.10,1,2018,Jan,12,Ruellia,blechum,RueBle,,
4,North,41.4.10,1,2018,Jan,12,Lepidium,virginianum,LepVir,,
4,North,41.4.10,1,2018,Jan,12,Parthenium,hysterophorus,ParHys,,
4,North,41.4.10,1,2018,Jan,12,Amaranthus,spinosus,AmaSpi,,
4,North,41.4.10,1,2018,Jan,12,Indigofera,spicata,IndSpi,,
4,North,41.4.10,1,2018,Jan,12,Chamaesyce,opthalmica,ChaOpt,,
4,North,41.4.10,1,2018,Jan,12,Spermacoce,sp,SpeSp,,
4,North,41.4.10,1,2018,Jan,12,Paspalum,notatum,PasNot,,
4,North,41.4.10,1,2018,Jan,12,Ruellia,ciliatiflora,RueCil,,
4,North,41.4.10,1,2018,Jan,12,Desmodium,triflorum,DesTri,,
4,North,41.4.10,1,2018,Jan,12,Phyllanthus,amarus,PhyAma,,
4,North,41.4.10,1,2018,Jan,12,Medicago,lupulina,MedLup,,
4,North,41.4.10,1,2018,Jan,12,Tridax,procumbens,TriPro,,
4,North,41.100,1,2018,Jan,12,Lepidium,virginianum,LepVir,,
4,North,41.100,1,2018,Jan,12,Chamaesyce,opthalmica,ChaOpt,,
4,North,41.100,1,2018,Jan,12,Euphorbia,graminea,EupGra,,
4,North,41.100,1,2018,Jan,12,Spermacoce,remota,SpeRem,,
4,North,41.100,1,2018,Jan,12,Sonchus,asper or oleraceus,SonAsp,,
4,North,41.100,1,2018,Jan,12,Acalypha,sp,AcaSp,,
4,North,41.100,1,2018,Jan,12,Nama,jamaicensis,NamJam,,
4,North,41.100,1,2018,Jan,12,Pectis,prostrata,PecPro,,
4,North,41.100,1,2018,Jan,12,Bidens,alba,BidAlb,,
4,North,41.100,1,2018,Jan,12,Dichondra,sp.,DicSp.,,
4,South,31.1.1,1,2018,Mar,30,Sida,ulmifolia,SidUlm,3,N
4,South,31.1.1,1,2018,Mar,30,Lepidium,virginianum,LepVir,2,N
4,South,31.1.1,1,2018,Mar,30,Ruellia,blechum,RueBle,2,N
4,South,31.1.1,1,2018,Mar,30,Paspalum,notatum,PasNot,3,N
4,South,31.1.1,1,2018,Mar,30,Calyptocarpus,vialis,CalVia,5,N
4,South,31.1.1,1,2018,Mar,30,Medicago,lupulina,MedLup,3,N
4,South,31.1.1,1,2018,Mar,30,Cyonodon,dactylon,CyoDac,1,N
4,South,31.1.1,1,2018,Mar,30,Digitaria,ciliaris,DigCil,1,N
4,South,31.1.1,1,2018,Mar,30,Pilea,microphylla,PilMic,<1,N
4,South,31.1.1,1,2018,Mar,30,Gamochaeta,pensylvanica,GamPen,<1,N
4,South,31.1.1,1,2018,Mar,30,Cyperus,rotundus,CypRot,<1,N
4,South,31.1.1,1,2018,Mar,30,Oxalis,corniculata,OxaCor,<1,N
4,South,31.1.1,1,2018,Mar,30,Bidens,alba,BidAlb,<1,N
4,South,31.1.1,1,2018,Mar,30,UD,Ascl,UDAsc,<1,N
4,South,31.1.10,1,2018,Mar,30,Sporobolus,indicus,SpoInd,,
4,South,31.1.10,1,2018,Mar,30,Parthenium,hysterophorus,ParHys,,
4,South,31.1.10,1,2018,Mar,30,Chamaesyce,hirta,ChaHir,,
4,South,31.1.10,1,2018,Mar,30,Youngia,japonica,YouJap,,
4,South,31.1.10,1,2018,Mar,30,Ipomea,sp.,IpoSp.,,
4,South,31.4.1,1,2018,Mar,30,Oenothera,laciniata,OenLac,4,N
4,South,31.4.1,1,2018,Mar,30,Parthenium,hysterophorus,ParHys,2,N
4,South,31.4.1,1,2018,Mar,30,Anagallis,arvensis,AnaArv,<1,N
4,South,31.4.1,1,2018,Mar,30,Portulaca,oleracea,PorOle,<1,N
4,South,31.4.1,1,2018,Mar,30,Chamaesyce,opthalmica,ChaOpt,<1,N
4,South,31.4.1,1,2018,Mar,30,Chamaesyce,hirta,ChaHir,<1,N
4,South,31.4.1,1,2018,Mar,30,Nama,jamaicensis,NamJam,<1,N
4,South,31.4.1,1,2018,Mar,30,Oxalis,latifolia,OxaLat,<1,N
4,South,31.4.1,1,2018,Mar,30,Medicago,lupulina,MedLup,<1,N
4,South,31.4.1,1,2018,Mar,30,Pectis,prostrata,PecPro,<1,N
4,South,31.4.1,1,2018,Mar,30,Cyperus,rotundus,CypRot,<1,N
4,South,31.4.1,1,2018,Mar,30,Euphorbia,graminea,EupGra,<1,N
4,South,31.4.1,1,2018,Mar,30,UG,,UG,<1,N
4,South,31.4.10,1,2018,Mar,30,Euphorbia,heterophylla,EupHet,,
4,South,31.4.10,1,2018,Mar,30,Tridax,procumbens,TriPro,,
4,South,31.4.10,1,2018,Mar,30,Sorghum,bicolor,SorBic,,
4,South,31.4.10,1,2018,Mar,30,Mecardonia,procumbens,MecPro,,
4,South,31.4.10,1,2018,Mar,30,Acalypha,setosa,AcaSet,,
4,South,31.4.10,1,2018,Mar,30,Acalypha,alopecuroidea,AcaAlo,,
4,South,31.4.10,1,2018,Mar,30,Chamaesyce,hyperissifolia,ChaHyp,,
4,South,31.4.10,1,2018,Mar,30,Chamaesyce,hyssopifolia,ChaHys,,
4,South,31.4.10,1,2018,Mar,30,Hedyotis,corymbosa,HedCor,,
4,South,31.4.10,1,2018,Mar,30,UG,Sporobolus?,UGSpo,,
4,South,31.4.10,1,2018,Mar,30,UG,Sonchus,UGSon,,
4,South,31.4.10,1,2018,Mar,30,Cenchrus,echinatus,CenEch,,
4,South,31.100,1,2018,Mar,30,Paspalum,fimbriatum,PasFim,,
4,South,31.100,1,2018,Mar,30,Sida,sp.,SidSp.,,
4,South,31.100,1,2018,Mar,30,Spermacoce,remota,SpeRem,,
4,South,31.100,1,2018,Mar,30,Flacourtia,indica,FlaInd,,
4,South,32.2.1,1,2018,Mar,30,Medicago,lupulina,MedLup,5,N
4,South,32.2.1,1,2018,Mar,30,Paspalum,notatum,PasNot,70,N
4,South,32.2.1,1,2018,Mar,30,Calyptocarpus,vialis,CalVia,<1,N
4,South,32.2.1,1,2018,Mar,30,Digitaria,ciliaris,DigCil,5,N
4,South,32.2.1,1,2018,Mar,30,Sporobolus,indicus,SpoInd,5,N
4,South,32.2.1,1,2018,Mar,30,Indigofera,spicata,IndSpi,<1,N
4,South,32.2.1,1,2018,Mar,30,Sida,ulmifolia,SidUlm,<1,N
4,South,32.2.1,1,2018,Mar,30,Chamaesyce,prostrata,ChaPro,,N
4,South,32.2.10,1,2018,Mar,30,Lepidium,virginianum,LepVir,,
4,South,32.2.10,1,2018,Mar,30,Cyperus,rotundus,CypRot,,
4,South,32.2.10,1,2018,Mar,30,Parthenium,hysterophorus,ParHys,,
4,South,32.2.10,1,2018,Mar,30,Cyonodon,dactylon,CyoDac,,
4,South,32.2.10,1,2018,Mar,30,Desmodium,triflorum,DesTri,,
4,South,32.2.10,1,2018,Mar,30,Bidens,alba,BidAlb,,
4,South,32.2.10,1,2018,Mar,30,Ruellia,blechum,RueBle,,
4,South,32.2.10,1,2018,Mar,30,Cyclospermum,[Apium],Cyc[Ap,,
4,South,32.2.10,1,2018,Mar,30,Dichanthium,aritatum,DicAri,,
4,South,32.4.1,1,2018,Mar,30,Solanum,americanum,SolAme,<1,N
4,South,32.4.1,1,2018,Mar,30,Chamaesyce,hirta,ChaHir,<1,N
4,South,32.4.1,1,2018,Mar,30,Chamaesyce,opthalmica,ChaOpt,<1,N
4,South,32.4.1,1,2018,Mar,30,Parthenium,hysterophorus,ParHys,<1,N
4,South,32.4.1,1,2018,Mar,30,Portulaca,oleracea,PorOle,<1,N
4,South,32.4.1,1,2018,Mar,30,Nama,jamaicensis,NamJam,<1,N
4,South,32.4.1,1,2018,Mar,30,Bidens,alba,BidAlb,<1,N
4,South,32.4.1,1,2018,Mar,30,Cyperus,rotundus,CypRot,<1,N
4,South,32.4.1,1,2018,Mar,30,Chamaesyce,hyssopifolia,ChaHys,<1,N
4,South,32.4.1,1,2018,Mar,30,Acalypha,alopecuroidea,AcaAlo,<1,N
4,South,32.4.1,1,2018,Mar,30,Anagallis,arvensis,AnaArv,<1,N
4,South,32.4.1,1,2018,Mar,30,Oxalis,latifolia,OxaLat,<1,N
4,South,32.4.1,1,2018,Mar,30,Calyptocarpus,vialis,CalVia,<1,N
4,South,32.4.1,1,2018,Mar,30,Medicago,lupulina,MedLup,<1,N
4,South,32.4.10,1,2018,Mar,30,Oenothera,laciniata,OenLac,,
4,South,32.4.10,1,2018,Mar,30,Sorghum,bicolor,SorBic,,
4,South,32.4.10,1,2018,Mar,30,Tridax,procumbens,TriPro,,
4,South,32.4.10,1,2018,Mar,30,Chenopodium,album,CheAlb,,
4,South,32.4.10,1,2018,Mar,30,Sida,ulmifolia,SidUlm,,
4,South,32.4.10,1,2018,Mar,30,Conyza,canadense,ConCan,,
4,South,32.4.10,1,2018,Mar,30,Acalypha,alopecuroidea,AcaAlo,,
4,South,32.4.10,1,2018,Mar,30,Crotalaria,juncea,CroJun,,
4,South,32.4.10,1,2018,Mar,30,Mecardonia,procumbens,MecPro,,
4,South,32.4.10,1,2018,Mar,30,Hedyotis,corymbosa,HedCor,,
4,South,32.100,1,2018,Mar,30,Setaria,setosa,SetSet,,
4,South,32.100,1,2018,Mar,30,Pilea,microphylla,PilMic,,
4,South,32.100,1,2018,Mar,30,Boerhavia,erecta,BoeEre,,
4,South,32.100,1,2018,Mar,30,Sonchus,sp.,SonSp.,,
4,South,32.100,1,2018,Mar,30,Cenchrus,echinatus,CenEch,,
4,South,32.100,1,2018,Mar,30,UC,,UC,,
4,South,40.1.1,1,2018,Mar,30,Sida,ulmifolia,SidUlm,20,N
4,South,40.1.1,1,2018,Mar,30,Eragrostis,ciliaris,EraCil,<1,N
4,South,40.1.1,1,2018,Mar,30,Parthenium,hysterophorus,ParHys,<1,N
4,South,40.1.1,1,2018,Mar,30,Bidens,alba,BidAlb,2,N
4,South,40.1.1,1,2018,Mar,30,Chamaesyce,hirta,ChaHir,<1,N
4,South,40.1.1,1,2018,Mar,30,Alysicarpus,vaginalis,AlyVag,<1,N
4,South,40.1.1,1,2018,Mar,30,Cyperus,rotundus,CypRot,<1,N
4,South,40.1.1,1,2018,Mar,30,Medicago,lupulina,MedLup,<1,N
4,South,40.1.1,1,2018,Mar,30,Indigofera,spicata,IndSpi,<1,N
4,South,40.1.1,1,2018,Mar,30,Desmodium,triflorum,DesTri,<1,N
4,South,40.1.1,1,2018,Mar,30,Mecardonia,procumbens,MecPro,<1,N
4,South,40.1.1,1,2018,Mar,30,Calyptocarpus,vialis,CalVia,<1,N
4,South,40.1.1,1,2018,Mar,30,Chamaesyce,hyperissifolia,ChaHyp,<1,N
4,South,40.1.10,1,2018,Mar,30,Digitaria,ciliaris,DigCil,,
4,South,40.1.10,1,2018,Mar,30,Euphorbia,heterophylla,EupHet,,
4,South,40.1.10,1,2018,Mar,30,Sorghum,bicolor,SorBic,,
4,South,40.1.10,1,2018,Mar,30,Cenchrus,echinatus,CenEch,,
4,South,40.1.10,1,2018,Mar,30,Oenothera,laciniata,OenLac,,
4,South,40.1.10,1,2018,Mar,30,Chamaesyce,opthalmica,ChaOpt,,
4,South,40.1.10,1,2018,Mar,30,Pilea,microphylla,PilMic,,
4,South,40.1.10,1,2018,Mar,30,Anagallis,arvensis,AnaArv,,
4,South,40.1.10,1,2018,Mar,30,Tridax,procumbens,TriPro,,
4,South,40.1.10,1,2018,Mar,30,Acalypha,setosa,AcaSet,,
4,South,40.1.10,1,2018,Mar,30,Acalypha,alopecuroidea,AcaAlo,,
4,South,40.1.10,1,2018,Mar,30,UG,Sporabolus?,UGSpo,,
4,South,40.1.10,1,2018,Mar,30,Phyllanthus,amarus,PhyAma,,
4,South,40.3.1,1,2018,Mar,30,Bidens,alba,BidAlb,40,N
4,South,40.3.1,1,2018,Mar,30,Anagallis,arvensis,AnaArv,<1,N
4,South,40.3.1,1,2018,Mar,30,Cyperus,croceus,CypCro,<1,N
4,South,40.3.1,1,2018,Mar,30,Cenchrus,echinatus,CenEch,1,N
4,South,40.3.1,1,2018,Mar,30,Tridax,procumbens,TriPro,<1,N
4,South,40.3.1,1,2018,Mar,30,Alysicarpus,vaginalis,AlyVag,<1,N
4,South,40.3.1,1,2018,Mar,30,Nama,jamaicensis,NamJam,<1,N
4,South,40.3.1,1,2018,Mar,30,Desmodium,triflorum,DesTri,<1,N
4,South,40.3.1,1,2018,Mar,30,Chamaesyce,hirta,ChaHir,<1,N
4,South,40.3.1,1,2018,Mar,30,Chamaesyce,hyssopifolia,ChaHys,<1,N
4,South,40.3.1,1,2018,Mar,30,Sida,ulmifolia,SidUlm,<1,N
4,South,40.3.1,1,2018,Mar,30,Indigofera,spicata,IndSpi,<1,N
4,South,40.3.10,1,2018,Mar,30,Paspalum,notatum,PasNot,,
4,South,40.3.10,1,2018,Mar,30,Paspalum,fimbriatum,PasFim,,
4,South,40.3.10,1,2018,Mar,30,Oxalis,latifolia,OxaLat,,
4,South,40.3.10,1,2018,Mar,30,Chamaesyce,hirta,ChaHir,,
4,South,40.3.10,1,2018,Mar,30,Eragrostis,amabilis,EraAma,,
4,South,40.3.10,1,2018,Mar,30,Chenopodium,album,CheAlb,,
4,South,40.3.10,1,2018,Mar,30,Chamaesyce,opthalmica,ChaOpt,,
4,South,40.3.10,1,2018,Mar,30,Sorghum,bicolor,SorBic,,
4,South,40.3.10,1,2018,Mar,30,Medicago,lupulina,MedLup,,
4,South,40.3.10,1,2018,Mar,30,Amaranthus,spinosus,AmaSpi,,
4,South,40.3.10,1,2018,Mar,30,Aeschynomene,americana,AesAme,,
4,South,40.3.10,1,2018,Mar,30,Conyza,canadense,ConCan,,
4,South,40.3.10,1,2018,Mar,30,Chamaesyce,prostrata,ChaPro,,
4,South,40.100,1,2018,Mar,30,Eragrostis,barrelieri,EraBar,,
4,South,40.100,1,2018,Mar,30,Hedyotis,corymbosa,HedCor,,
4,South,40.100,1,2018,Mar,30,Chamaesyce,hirta,ChaHir,,
4,South,40.100,1,2018,Mar,30,Eclipta,prostrata,EclPro,,
4,South,40.100,1,2018,Mar,30,Ficus,religiosa,FicRel,,
4,South,40.100,1,2018,Mar,30,Portulaca,oleracea,PorOle,,
4,South,40.100,1,2018,Mar,30,Pectis,prostrata,PecPro,,
4,South,40.100,1,2018,Mar,30,Oxalis,latifolia,OxaLat,,
4,South,40.100,1,2018,Mar,30,Cyclospermum,leptophyllum,CycLep,,
4,South,40.100,1,2018,Mar,30,Crotalaria,juncea,CroJun,,
4,South,40.100,1,2018,Mar,30,UD,Ambrosia,UDAmb,,
4,South,40.100,1,2018,Mar,30,Desmanthus,leptophyllus,DesLep,,
4,South,40.100,1,2018,Mar,30,Chamaesyce,prostrata,ChaPro,,
4,South,40.100,1,2018,Mar,30,UD,Mecardonia?,UDMec,,
4,South,40.100,1,2018,Mar,30,Macroptilium,lathyroides,MacLat,,
4,South,40.100,1,2018,Mar,30,Boerhavia,erecta,BoeEre,,
4,South,40.100,1,2018,Mar,30,Desmodium,tortuosum,DesTor,,
4,South,40.100,1,2018,Mar,30,Solanum,americanum,SolAme,,
4,South,40.4.1,1,2018,Mar,30,Parthenium,hysterophorus,ParHys,3,N
4,South,40.4.1,1,2018,Mar,30,Oenothera,laciniata,OenLac,1,N
4,South,40.4.1,1,2018,Mar,30,Chamaesyce,hirta,ChaHir,<1,N
4,South,40.4.1,1,2018,Mar,30,Chamaesyce,opthalmica,ChaOpt,<1,N
4,South,40.4.1,1,2018,Mar,30,Indigofera,spicata,IndSpi,<1,N
4,South,40.4.1,1,2018,Mar,30,Portulaca,oleracea,PorOle,<1,N
4,South,40.4.1,1,2018,Mar,30,Sida,ulmifolia,SidUlm,<1,N
4,South,40.4.1,1,2018,Mar,30,Cyperus,rotundus,CypRot,<1,N
4,South,40.4.1,1,2018,Mar,30,Desmanthus,leptophyllus,DesLep,<1,N
4,South,40.4.1,1,2018,Mar,30,Oxalis,latifolia,OxaLat,<1,N
4,South,40.4.1,1,2018,Mar,30,Medicago,lupulina,MedLup,<1,N
4,South,40.4.1,1,2018,Mar,30,Nama,jamaicensis,NamJam,<1,N
4,South,40.4.1,1,2018,Mar,30,Euphorbia,graminea,EupGra,<1,N
4,South,40.4.10,1,2018,Mar,30,Sorghum,bicolor,SorBic,,
4,South,40.4.10,1,2018,Mar,30,Bidens,alba,BidAlb,,
4,South,40.4.10,1,2018,Mar,30,Boerhavia,erecta,BoeEre,,
4,South,40.4.10,1,2018,Mar,30,Desmodium,triflorum,DesTri,,
4,South,40.4.10,1,2018,Mar,30,Pectis,prostrata,PecPro,,
4,South,40.4.10,1,2018,Mar,30,Conyza,canadense,ConCan,,
4,South,40.4.10,1,2018,Mar,30,Alysicarpus,sp.,AlySp.,,
4,South,40.4.10,1,2018,Mar,30,Tridax,procumbens,TriPro,,
4,South,40.4.10,1,2018,Mar,30,Crotalaria,juncea,CroJun,,
4,South,40.4.10,1,2018,Mar,30,Acalypha,alopecuroidea,AcaAlo,,
4,South,40.4.10,1,2018,Mar,30,Gamochaeta,pensylvanica,GamPen,,
4,South,40.4.10,1,2018,Mar,30,Crotalaria,juncea,CroJun,,
4,South,40.4.10,1,2018,Mar,30,Digitaria,ciliaris,DigCil,,
4,South,40.4.10,1,2018,Mar,30,Chamaesyce,hyperissifolia,ChaHyp,,
4,South,40.4.10,1,2018,Mar,30,Chamaesyce,hyssopifolia,ChaHys,,
4,South,40.4.10,1,2018,Mar,30,Eclipta,prostrata,EclPro,,
4,South,40.4.10,1,2018,Mar,30,Euphorbia,heterophylla,EupHet,,
4,South,40.4.10,1,2018,Mar,30,Hedyotis,corymbosa,HedCor,,
4,South,40.4.10,1,2018,Mar,30,Acalypha,sp.,AcaSp.,,
4,South,40.4.10,1,2018,Mar,30,Chenopodium,album,CheAlb,,
4,South,40.4.10,1,2018,Mar,30,Solanum,americanum,SolAme,,
4,South,41.4.1,1,2018,Mar,30,Sorghum,bicolor,SorBic,3,
4,South,41.4.1,1,2018,Mar,30,Crotalaria,juncea,CroJun,1,
4,South,41.4.1,1,2018,Mar,30,Parthenium,hysterophorus,ParHys,2,
4,South,41.4.1,1,2018,Mar,30,Oenothera,laciniata,OenLac,<1,
4,South,41.4.1,1,2018,Mar,30,Oxalis,latifolia,OxaLat,<1,
4,South,41.4.1,1,2018,Mar,30,Medicago,lupulina,MedLup,<1,
4,South,41.4.1,1,2018,Mar,30,Cenchrus,echinatus,CenEch,2,
4,South,41.4.1,1,2018,Mar,30,Macroptilium,lathyroides,MacLat,2,
4,South,41.4.1,1,2018,Mar,30,Anagallis,arvensis,AnaArv,<1,
4,South,41.4.1,1,2018,Mar,30,Solanum,americanum,SolAme,<1,
4,South,41.4.1,1,2018,Mar,30,Pectis,prostrata,PecPro,<1,
4,South,41.4.1,1,2018,Mar,30,Chamaesyce,hyperissifolia,ChaHyp,<1,
4,South,41.4.1,1,2018,Mar,30,Cyperus,rotundus,CypRot,<1,
4,South,41.4.1,1,2018,Mar,30,Nama,jamaicensis,NamJam,<1,
4,South,41.4.1,1,2018,Mar,30,Amaranthus,sp.,AmaSp.,<1,
4,South,41.4.1,1,2018,Mar,30,Eragrostis,barrelieri,EraBar,<1,
4,South,41.4.10,1,2018,Mar,30,Bidens,alba,BidAlb,,
4,South,41.4.10,1,2018,Mar,30,Euphorbia,heterophylla,EupHet,,
4,South,41.4.10,1,2018,Mar,30,Cyclospermum,leptophyllum,CycLep,,
4,South,41.4.10,1,2018,Mar,30,Eragrostis,amabilis,EraAma,,
4,South,41.4.10,1,2018,Mar,30,Spigelia,anthelmia,SpiAnt,,
4,South,41.4.10,1,2018,Mar,30,Hedyotis,corymbosa,HedCor,,
4,South,41.4.10,1,2018,Mar,30,Conyza,canadense,ConCan,,
4,South,41.4.10,1,2018,Mar,30,Boerhavia,erecta,BoeEre,,
4,South,41.4.10,1,2018,Mar,30,Phyllanthus,amarus,PhyAma,,
4,South,41.4.10,1,2018,Mar,30,Desmanthus,leptophyllus,DesLep,,
4,South,41.4.10,1,2018,Mar,30,Tridax,procumbens,TriPro,,
4,South,41.4.10,1,2018,Mar,30,UG,,UG,,
4,South,41.100,1,2018,Mar,30,UD,,UD,,
4,South,41.100,1,2018,Mar,30,Chenopodium,album,CheAlb,,
4,South,41.100,1,2018,Mar,30,Amaranthus,spinosus,AmaSpi,,
14,South,31.1.1,1,2017,Dec,20,Passiflora,biflora,PasBif,5,N
14,South,31.1.1,1,2017,Dec,20,Jasminum,fluminense,JasFlu,30,N
14,South,31.1.1,1,2017,Dec,20,Chromalaena,odorata,ChrOdo,5,N
14,South,31.1.1,1,2017,Dec,20,Lysiloma,latisiliquum,LysLat,3,N
14,South,31.1.1,1,2017,Dec,20,Digitaria,ciliaris,DigCil,<1,N
14,South,31.1.1,1,2017,Dec,20,Barleria,cristata,BarCri,<1,N
14,South,31.1.1,1,2017,Dec,20,Vitis,rotundifolia,VitRot,<1,N
14,South,31.1.1,1,2017,Dec,20,Ruellia,blechum,RueBle,<1,N
14,South,31.1.1,1,2017,Dec,20,Abrus,precatorius,AbrPre,<1,N
14,South,31.1.1,1,2017,Dec,20,Priva,lappulacea,PriLap,<1,N
14,South,31.1.1,1,2017,Dec,20,Jasminum,dichotomum,JasDic,<1,N
14,South,31.1.10,1,2017,Dec,20,Chrysophyllum,oliviforme,ChrOli,,
14,South,31.1.10,1,2017,Dec,20,Lantana,camara,LanCam,,
14,South,31.1.10,1,2017,Dec,20,Albizia,lebbeck,AlbLeb,,
14,South,31.1.10,1,2017,Dec,20,Prunus,myrtifolia,PruMyr,,
14,South,31.1.10,1,2017,Dec,20,Turbina,corymbosa,TurCor,,
14,South,31.4.1,1,2017,Dec,20,Passiflora,biflora,PasBif,2,N
14,South,31.4.1,1,2017,Dec,20,Jasminum,dichotomum,JasDic,<1,N
14,South,31.4.1,1,2017,Dec,20,Turbina,corymbosa,TurCor,<1,N
14,South,31.4.10,1,2017,Dec,20,Passiflora,suberosa,PasSub,,
14,South,31.4.10,1,2017,Dec,20,UD1,,UD1,,
14,South,31.4.10,1,2017,Dec,20,Vitis,rotundifolia,VitRot,,
14,South,31.4.10,1,2017,Dec,20,Sideroxylon,salicifolium,SidSal,,
14,South,31.4.10,1,2017,Dec,20,Picramnia,pentandra,PicPen,,
14,South,31.4.10,1,2017,Dec,20,Gymnanthes,lucida,GymLuc,,
14,South,31.4.10,1,2017,Dec,20,Carica,papaya,CarPap,,
14,South,31.4.10,1,2017,Dec,20,Canavalia,brasiliensis,CanBra,,
14,South,31.100,1,2017,Dec,20,Momordica,charantia,MomCha,,
14,South,31.100,1,2017,Dec,20,UD2,,UD2,,
14,South,31.100,1,2017,Dec,20,Krugiodendron,ferrum,KruFer,,
14,South,31.100,1,2017,Dec,20,Chiococca,alba,ChiAlb,,
14,South,31.100,1,2017,Dec,20,Pittosporum,pentandrum,PitPen,,
14,South,32.2.1,1,2017,Dec,18,Lysiloma,latisiliquum,LysLat,<1,N
14,South,32.2.1,1,2017,Dec,18,Ruellia,blechum,RueBle,<1,N
14,South,32.2.1,1,2017,Dec,18,Chromalaena,odorata,ChrOdo,<1,N
14,South,32.2.1,1,2017,Dec,18,Euphorbia,graminea,EupGra,<1,N
14,South,32.2.1,1,2017,Dec,18,Jasminum,dichotomum,JasDic,<1,N
14,South,32.2.1,1,2017,Dec,18,UD1,Sal oci or Pri lap,UD1Sal,<1,N
14,South,32.2.1,1,2017,Dec,18,Oxalis,corniculata,OxaCor,<1,N
14,South,32.2.1,1,2017,Dec,18,Phyllanthus,tenellus,PhyTen,<1,N
14,South,32.2.1,1,2017,Dec,18,Spermacoce,remota,SpeRem,<1,N
14,South,32.2.1,1,2017,Dec,18,Turbina,corymbosa,TurCor,<1,N
14,South,32.2.1,1,2017,Dec,18,Unknown ,Grass1,UnkGra,<1,N
14,South,32.2.1,1,2017,Dec,18,UD2,,UD2,<1,N
14,South,32.2.1,1,2017,Dec,18,UD3,,UD3,<1,N
14,South,32.2.10,1,2017,Dec,18,Conocarpus,erectus,ConEre,,
14,South,32.2.10,1,2017,Dec,18,Passiflora,suberosa,PasSub,,
14,South,32.2.10,1,2017,Dec,18,Bursera,simaruba,BurSim,,
14,South,32.2.10,1,2017,Dec,18,Krugiodendron,ferrum,KruFer,,
14,South,32.2.10,1,2017,Dec,18,Chiococca,alba,ChiAlb,,
14,South,32.2.10,1,2017,Dec,18,Citharexylum,spinosum,CitSpi,,
14,South,32.2.10,1,2017,Dec,18,Cyanthillium,cinereum,CyaCin,,
14,South,32.2.10,1,2017,Dec,18,Passiflora,biflora,PasBif,,
14,South,32.2.10,1,2017,Dec,18,Paspalum,conjugatum,PasCon,,
14,South,32.2.10,1,2017,Dec,18,Priva,lappulacea,PriLap,,
14,South,32.2.10,1,2017,Dec,18,Salvia,occidentalis,SalOcc,,
14,South,32.2.10,1,2017,Dec,18,Jasminum,fluminense,JasFlu,,
14,South,32.2.10,1,2017,Dec,18,Unknown ,Lauraceae,UnkLau,,
14,South,32.2.10,1,2017,Dec,18,Unknown ,Solonaceae,UnkSol,,
14,South,32.2.10,1,2017,Dec,18,Emilia,sonchifolia,EmiSon,,
14,South,32.2.10,1,2017,Dec,18,Ficus,aurea,FicAur,,
14,South,32.2.10,1,2017,Dec,18,Bidens,alba,BidAlb,,
14,South,32.4.1,1,2017,Dec,18,Pittosporum,pentandrum,PitPen,5,N
14,South,32.4.1,1,2017,Dec,18,Chromalaena,odorata,ChrOdo,2,N
14,South,32.4.1,1,2017,Dec,18,Passiflora,biflora,PasBif,1,N
14,South,32.4.1,1,2017,Dec,18,Bursera,simaruba,BurSim,1,N
14,South,32.4.1,1,2017,Dec,18,Jasminum,fluminense,JasFlu,1,N
14,South,32.4.1,1,2017,Dec,18,Passiflora,suberosa,PasSub,<1,N
14,South,32.4.1,1,2017,Dec,18,Ruellia,blechum,RueBle,<1,N
14,South,32.4.1,1,2017,Dec,18,Spermacoce,tetraquetra,SpeTet,1,N
14,South,32.4.1,1,2017,Dec,18,Prunus,myrtifolia,PruMyr,1,N
14,South,32.4.10,1,2017,Dec,18,Salvia,occidentalis,SalOcc,,
14,South,32.4.10,1,2017,Dec,18,Turbina,corymbosa,TurCor,,
14,South,32.4.10,1,2017,Dec,18,Gymnanthes,lucida,GymLuc,,
14,South,32.4.10,1,2017,Dec,18,Picramnia,pentandra,PicPen,,
14,South,32.4.10,1,2017,Dec,18,Zanthoxylum,fagara,ZanFag,,
14,South,32.4.10,1,2017,Dec,18,Bidens,alba,BidAlb,,
14,South,32.4.10,1,2017,Dec,18,Unknown ,Sapindaceae,UnkSap,,
14,South,32.4.10,1,2017,Dec,18,Priva,lappulacea,PriLap,,
14,South,32.4.10,1,2017,Dec,18,Ficus,aurea,FicAur,,
14,South,32.4.10,1,2017,Dec,18,Cyanthillium,cinereum,CyaCin,,
14,South,32.4.10,1,2017,Dec,18,Oxalis,corniculata,OxaCor,,
14,South,32.4.10,1,2017,Dec,18,Spermacoce,remota,SpeRem,,
14,South,32.4.10,1,2017,Dec,18,Acalypha,alopecuroidea,AcaAlo,,
14,South,32.4.10,1,2017,Dec,18,Euphorbia,graminea,EupGra,,
14,South,32.100,1,2017,Dec,18,Emilia,sonchifolia,EmiSon,,
14,South,32.100,1,2017,Dec,18,Schinus,terebinthifolius,SchTer,,
14,South,32.100,1,2017,Dec,18,Cissus,verticillata,CisVer,,
14,South,32.100,1,2017,Dec,18,UD1 Vitex glabrata or Fraxinus carolina,,UD1,,
14,South,32.100,1,2017,Dec,18,Carica,papaya,CarPap,,
14,South,32.100,1,2017,Dec,18,Momordica,charantia,MomCha,,
14,South,32.100,1,2017,Dec,18,Chrysophyllum,oliviforme,ChrOli,,
14,South,32.100,1,2017,Dec,18,UD2 Vitex?,,UD2,,
14,South,40.1.1,1,2017,Dec,13,Ruellia,blechum,RueBle,15,N
14,South,40.1.1,1,2017,Dec,13,Chromalaena,odorata,ChrOdo,5,N
14,South,40.1.1,1,2017,Dec,13,Jasminum,dichotomum,JasDic,<1,N
14,South,40.1.1,1,2017,Dec,13,Eremochloa,ophiuroides,EreOph,<1,N
14,South,40.1.1,1,2017,Dec,13,Cyanthillium,cinereum,CyaCin,<1,N
14,South,40.1.1,1,2017,Dec,13,Passiflora,biflora,PasBif,<1,N
14,South,40.1.1,1,2017,Dec,13,Euphorbia,graminea,EupGra,<1,N
14,South,40.1.1,1,2017,Dec,13,Phyllanthus,amarus,PhyAma,<1,N
14,South,40.1.1,1,2017,Dec,13,Ruellia,ciliatiflora,RueCil,<1,N
14,South,40.1.1,1,2017,Dec,13,Spermacoce,remota,SpeRem,<1,N
14,South,40.1.1,1,2017,Dec,13,Phyllanthus,tenellus,PhyTen,<1,N
14,South,40.1.1,1,2017,Dec,13,Sida,ulmifolia,SidUlm,<1,N
14,South,40.1.1,1,2017,Dec,13,Oxalis,corniculata,OxaCor,<1,N
14,South,40.1.1,1,2017,Dec,13,Lysiloma,latisiliquum,LysLat,<1,N
14,South,40.1.1,1,2017,Dec,13,UD 1,Jas dic?,UD Jas,<1,N
14,South,40.1.1,1,2017,Dec,13,Pilea,microphylla,PilMic,<1,N
14,South,40.1.1,1,2017,Dec,13,Unknown Legume,,Unk,<1,N
14,South,40.1.10,1,2017,Dec,13,Paspalum,fimbriatum,PasFim,,
14,South,40.1.10,1,2017,Dec,13,Digitaria,ciliaris,DigCil,,
14,South,40.1.10,1,2017,Dec,13,Cyonodon,dactylon,CyoDac,,
14,South,40.1.10,1,2017,Dec,13,Salvia,occidentalis,SalOcc,,
14,South,40.1.10,1,2017,Dec,13,Chamaesyce,opthalmica,ChaOpt,,
14,South,40.1.10,1,2017,Dec,13,Emilia,sp.,EmiSp.,,
14,South,40.1.10,1,2017,Dec,13,Unknown Grass 1,,Unk,,
14,South,40.1.10,1,2017,Dec,13,Bidens,alba,BidAlb,,
14,South,40.1.10,1,2017,Dec,13,Chiococca,alba,ChiAlb,,
14,South,40.1.10,1,2017,Dec,13,Indigofera,spicata,IndSpi,,
14,South,40.1.10,1,2017,Dec,13,Spermococe,sp. (rem or Ver),SpeSp.,,
14,South,40.1.10,1,2017,Dec,13,Calocarpum ,viride,CalVir,,
14,South,40.1.10,1,2017,Dec,13,Bothriochloa,pertusa,BotPer,,
14,South,40.1.10,1,2017,Dec,13,Ipomoea,sp.,IpoSp.,,
14,South,40.1.10,1,2017,Dec,13,Turbina,corymbosa,TurCor,,
14,South,40.1.10,1,2017,Dec,13,Passiflora,suberosa,PasSub,,
14,South,40.3.1,1,2017,Dec,13,Jasminum,dichotomum,JasDic,15,N
14,South,40.3.1,1,2017,Dec,13,Passiflora,biflora,PasBif,10,N
14,South,40.3.1,1,2017,Dec,13,Euphorbia,graminea,EupGra,10,N
14,South,40.3.1,1,2017,Dec,13,Ruellia,blechum,RueBle,5,N
14,South,40.3.10,1,2017,Dec,13,Lysiloma,latisiliquum,LysLat,,
14,South,40.3.10,1,2017,Dec,13,Barleria,cristata,BarCri,,
14,South,40.3.10,1,2017,Dec,13,Chiococca,alba,ChiAlb,,
14,South,40.3.10,1,2017,Dec,13,Salvia,occidentalis,SalOcc,,
14,South,40.3.10,1,2017,Dec,13,Chromalaena,odorata,ChrOdo,,
14,South,40.3.10,1,2017,Dec,13,Cis,cer,CisCer,,
14,South,40.3.10,1,2017,Dec,13,Bidens,alba,BidAlb,,
14,South,40.3.10,1,2017,Dec,13,Cissus,verticillata,CisVer,,
14,South,40.3.10,1,2017,Dec,13,Sideroxylon,salicifolium,SidSal,,
14,South,40.3.10,1,2017,Dec,13,Krugiodendron,ferrum,KruFer,,
14,South,40.3.10,1,2017,Dec,13,UD 2,Pru myr? Gym?,UD Pru,,
14,South,40.3.10,1,2017,Dec,13,Gymnanthes,lucida,GymLuc,,
14,South,40.3.10,1,2017,Dec,13,Momordica,charantia,MomCha,,
14,South,40.100,1,2017,Dec,13,Zanthoxylum,fagara,ZanFag,,
14,South,40.100,1,2017,Dec,13,Vitis,rotundifolia,VitRot,,
14,South,40.100,1,2017,Dec,13,Jasminum,fluminense,JasFlu,,
14,South,40.100,1,2017,Dec,13,Pittosporum,pentandrum,PitPen,,
14,South,40.100,1,2017,Dec,13,Prunus,myrtifolia,PruMyr,,
14,South,40.100,1,2017,Dec,13,Chrysophyllum,oliviforme,ChrOli,,
14,South,40.100,1,2017,Dec,13,Morinda,Royoc,MorRoy,,
14,South,41.1.1,1,2017,Dec,15,Jasminum,dichotomum,JasDic,20,N
14,South,41.1.1,1,2017,Dec,15,Passiflora,biflora,PasBif,<1,N
14,South,41.1.1,1,2017,Dec,15,Unknown ,Convolvilaceae,UnkCon,<1,N
14,South,41.1.10,1,2017,Dec,15,Lysiloma,latisiliquum,LysLat,,
14,South,41.1.10,1,2017,Dec,15,Picramnia,pentandra,PicPen,,
14,South,41.1.10,1,2017,Dec,15,UD1,New forTREC,UD1New,,
14,South,41.1.10,1,2017,Dec,15,Cissus,verticillata,CisVer,,
14,South,41.1.10,1,2017,Dec,15,Prunus,myrtifolia,PruMyr,,
14,South,41.1.10,1,2017,Dec,15,Erythrina,herbacea,EryHer,,
14,South,41.1.10,1,2017,Dec,15,Momordica,charantia,MomCha,,
14,South,41.1.10,1,2017,Dec,15,Chrysophyllum,oliviforme,ChrOli,,
14,South,41.1.10,1,2017,Dec,15,Unknown,Palm,UnkPal,,
14,South,41.1.10,1,2017,Dec,15,Vitis,rotundifolia,VitRot,,
14,South,41.4.1,1,2017,Dec,15,Salvia,occidentalis,SalOcc,4,N
14,South,41.4.1,1,2017,Dec,15,Ruellia,blechum,RueBle,2,N
14,South,41.4.1,1,2017,Dec,15,Ruellia,ciliatiflora,RueCil,1,N
14,South,41.4.1,1,2017,Dec,15,Paspalum,conjugatum,PasCon,1,N
14,South,41.4.1,1,2017,Dec,15,Bidens,alba,BidAlb,1,N
14,South,41.4.1,1,2017,Dec,15,Passiflora,biflora,PasBif,<1,N
14,South,41.4.1,1,2017,Dec,15,Jasminum,dichotomum,JasDic,<1,N
14,South,41.4.1,1,2017,Dec,15,Chromalaena,odorata,ChrOdo,<1,N
14,South,41.4.1,1,2017,Dec,15,Spermacoce,remota,SpeRem,<1,N
14,South,41.4.1,1,2017,Dec,15,Sida,ulmifolia,SidUlm,<1,N
14,South,41.4.1,1,2017,Dec,15,Oxalis,corniculata,OxaCor,<1,N
14,South,41.4.1,1,2017,Dec,15,Zanthoxylum,fagara,ZanFag,<1,N
14,South,41.4.1,1,2017,Dec,15,UD1,Alisocarpus?,UD1Ali,<1,N
14,South,41.4.1,1,2017,Dec,15,Krugiodendron,ferrum,KruFer,<1,N
14,South,41.4.1,1,2017,Dec,15,Lysiloma,latisiliquum,LysLat,<1,N
14,South,41.4.1,1,2017,Dec,15,Unknown ,Grass1,UnkGra,<1,N
14,South,41.4.1,1,2017,Dec,15,Jasminum,fluminense,JasFlu,<1,N
14,South,41.4.1,1,2017,Dec,15,Unknown ,Grass2,UnkGra,<1,N
14,South,41.4.1,1,2017,Dec,15,Nama,jamaicensis,NamJam,<1,N
14,South,41.4.1,1,2017,Dec,15,Digitaria,ciliaris,DigCil,<1,N
14,South,41.4.10,1,2017,Dec,15,Turbina,corymbosa,TurCor,,
14,South,41.4.10,1,2017,Dec,15,Cissus,verticillata,CisVer,,
14,South,41.4.10,1,2017,Dec,15,Lantana,camara,LanCam,,
14,South,41.4.10,1,2017,Dec,15,Priva,lappulacea,PriLap,,
14,South,41.4.10,1,2017,Dec,15,Emilia,sonchifolia,EmiSon,,
14,South,41.4.10,1,2017,Dec,15,Euphorbia,graminea,EupGra,,
14,South,41.4.10,1,2017,Dec,15,Passiflora,suberosa,PasSub,,
14,South,41.100,1,2017,Dec,15,Carica,papaya,CarPap,,
14,South,41.100,1,2017,Dec,15,Sideroxylon,salicifolium,SidSal,,
14,South,41.100,1,2017,Dec,15,Chiococca,alba,ChiAlb,,
14,South,41.100,1,2017,Dec,15,Schinus,terebinthifolius,SchTer,,
14,South,41.100,1,2017,Dec,15,Pilea,microphylla,PilMic,,
14,South,41.100,1,2017,Dec,15,Cyanthillium,cinereum,CyaCin,,
14,South,41.100,1,2017,Dec,15,Phyllanthus,tenellus,PhyTen,,
14,South,41.100,1,2017,Dec,15,Youngia,japonica,YouJap,,
14,South,41.100,1,2017,Dec,15,Pittosporum,pentandrum,PitPen,,
14,South,41.100,1,2017,Dec,15,Bothriochloa,pertusa,BotPer,,
14,South,41.100,1,2017,Dec,15,Swietenia,mahogani,SwiMah,,
14,South,41.100,1,2017,Dec,15,Melicoccus ,bijugatus,MelBij,,
14,South,41.100,1,2017,Dec,15,Richardia,grandiflora,RicGra,,
14,South,41.100,1,2017,Dec,15,Parthenium,hysterophorus,ParHys,,
14,South,41.100,1,2017,Dec,15,Calyptocarpus,vialis,CalVia,,
14,South,41.100,1,2017,Dec,15,Gymnanthes,lucida,GymLuc,,
14,South,41.100,1,2017,Dec,15,Bursera,simaruba,BurSim,,
14,South,41.100,1,2017,Dec,15,Ficus,aurea,FicAur,,
15,North,31.1.1,1,2018,Jan,31,Oeceoclades,maculata,OecMac,1,N
15,North,31.1.1,1,2018,Jan,31,Euphorbia,graminea,EupGra,<1,N
15,North,31.1.1,1,2018,Jan,31,Parthenocissus,quinquefolia,ParQui,<1,N
15,North,31.1.1,1,2018,Jan,31,Ruellia,ciliatiflora,RueCil,<1,N
15,North,31.1.1,1,2018,Jan,31,UD1,,UD1,<1,N
15,North,31.1.10,1,2018,Jan,31,Cissus,verticillata,CisVer,,
15,North,31.1.10,1,2018,Jan,31,UP1,,UP1,,
15,North,31.1.10,1,2018,Jan,31,Pouteria,campechiana,PouCam,,
15,North,31.1.10,1,2018,Jan,31,Passiflora,biflora,PasBif,,
15,North,31.4.1,1,2018,Jan,31,Pouteria,campechiana,PouCam,50,N
15,North,31.4.1,1,2018,Jan,31,Ficus,microcarpa,FicMic,10,N
15,North,31.4.1,1,2018,Jan,31,Oeceoclades,maculata,OecMac,<1,N
15,North,31.4.10,1,2018,Jan,31,Parthenocissus,quinquefolia,ParQui,,
15,North,31.4.10,1,2018,Jan,31,Cissus,verticillata,CisVer,,
15,North,31.4.10,1,2018,Jan,31,UP1,,UP1,,
15,North,31.4.10,1,2018,Jan,31,Ruellia,blechum,RueBle,,
15,North,31.4.10,1,2018,Jan,31,Oxalis,debilis,OxaDeb,,
15,North,31.4.10,1,2018,Jan,31,Sida,ulmifolia,SidUlm,,
15,North,31.4.10,1,2018,Jan,31,Digitaria,ciliaris,DigCil,,
15,North,31.4.10,1,2018,Jan,31,Phyllanthus,sp,PhySp,,
15,North,31.4.10,1,2018,Jan,31,Parietaria,sp,ParSp,,
15,North,31.4.10,1,2018,Jan,31,Argemone,mexicana,ArgMex,,
15,North,31.4.10,1,2018,Jan,31,Euphorbia,heterophylla,EupHet,,
15,North,31.4.10,1,2018,Jan,31,Desmodium,triflorum,DesTri,,
15,North,31.4.10,1,2018,Jan,31,Indigofera,spicata,IndSpi,,
15,North,31.4.10,1,2018,Jan,31,Acalypha,setosa,AcaSet,,
15,North,31.4.10,1,2018,Jan,31,Calyptocarpus,vialis,CalVia,,
15,North,31.4.10,1,2018,Jan,31,Spermacoce,remota,SpeRem,,
15,North,31.4.10,1,2018,Jan,31,Nama,jamaicensis,NamJam,,
15,North,31.4.10,1,2018,Jan,31,Jasminum,fluminense,JasFlu,,
15,North,31.100,1,2018,Jan,31,Anagallis,arvensis,AnaArv,,
15,North,31.100,1,2018,Jan,31,Ambrosia,artemisifolia,AmbArt,,
15,North,31.100,1,2018,Jan,31,Oxalis,corniculata,OxaCor,,
15,North,31.100,1,2018,Jan,31,Eleusine,indica,EleInd,,
15,North,31.100,1,2018,Jan,31,Medicago,lupulina,MedLup,,
15,North,31.100,1,2018,Jan,31,Plantago,virginica,PlaVir,,
15,North,31.100,1,2018,Jan,31,Pilea,microphylla,PilMic,,
15,North,31.100,1,2018,Jan,31,Cyanthillium,cinereum,CyaCin,,
15,North,31.100,1,2018,Jan,31,Salvia,occidentalis,SalOcc,,
15,North,31.100,1,2018,Jan,31,Eragrostis,amabilis,EraAma,,
15,North,31.100,1,2018,Jan,31,Stenotaphrum,secundatum,SteSec,,
15,North,31.100,1,2018,Jan,31,UC1,,UC1,,
15,North,31.100,1,2018,Jan,31,Dichanthium,aristatum,DicAri,,
15,North,31.100,1,2018,Jan,31,Cyonodon,dactylon,CyoDac,,
15,North,31.100,1,2018,Jan,31,UG1,,UG1,,
15,North,31.100,1,2018,Jan,31,Commelina,diffusa,ComDif,,
15,North,31.100,1,2018,Jan,31,Emilia,sonchifolia,EmiSon,,
15,North,31.100,1,2018,Jan,31,Momordica,charantia,MomCha,,
15,North,31.100,1,2018,Jan,31,UP,Phoenix reclinata?,UPPho,,
15,North,31.100,1,2018,Jan,31,Jasminum,dichotomum,JasDic,,
15,North,31.100,1,2018,Jan,31,Schleffera,actinophylla,SchAct,,
15,North,31.100,1,2018,Jan,31,Euphorbia,cyathophora,EupCya,,
15,North,31.100,1,2018,Jan,31,Hybanthus,linearifolius,HybLin,,
15,North,31.100,1,2018,Jan,31,Psilotum,nudum,PsiNud,,
15,North,31.100,1,2018,Jan,31,Passiflora,suberosa,PasSub,,
15,North,31.100,1,2018,Jan,31,UD1,,UD1,,
15,North,31.100,1,2018,Jan,31,Chamaesyce,hyperissifolia,ChaHyp,,
15,North,31.100,1,2018,Jan,31,Chromalaena,odorata,ChrOdo,,
15,North,31.100,1,2018,Jan,31,Sabal,etonia or palmetto,SabEto,,
15,North,31.100,1,2018,Jan,31,Drymaria,cordata,DryCor,,
15,North,31.100,1,2018,Jan,31,Paspalum,fimbriatum,PasFim,,
15,North,32.2.1,1,2018,Jan,31,Stenotaphrum,secundatum,SteSec,60,N
15,North,32.2.1,1,2018,Jan,31,Sida,ulmifolia,SidUlm,4,N
15,North,32.2.1,1,2018,Jan,31,Salvia,occidentalis,SalOcc,3,N
15,North,32.2.1,1,2018,Jan,31,Calyptocarpus,vialis,CalVia,<1,N
15,North,32.2.1,1,2018,Jan,31,Spermacoce,remota,SpeRem,<1,N
15,North,32.2.1,1,2018,Jan,31,Dichondra,micrantha,DicMic,<1,N
15,North,32.2.1,1,2018,Jan,31,Indigofera,spicata,IndSpi,<1,N
15,North,32.2.1,1,2018,Jan,31,Cyperus,filiformis,CypFil,<1,N
15,North,32.2.1,1,2018,Jan,31,Urochloa,sp,UroSp,<1,N
15,North,32.2.1,1,2018,Jan,31,Bothriochloa,pertusa,BotPer,<1,N
15,North,32.2.1,1,2018,Jan,31,Ruellia,ciliatiflora,RueCil,<1,N
15,North,32.2.1,1,2018,Jan,31,Oxalis,corniculata,OxaCor,<1,N
15,North,32.2.10,1,2018,Feb,2,Alysicarpus,vaginalis,AlyVag,,
15,North,32.2.10,1,2018,Feb,2,Digitaria,ciliaris,DigCil,,
15,North,32.4.1,1,2018,Feb,2,Spermacoce,remota,SpeRem,<1,N
15,North,32.4.1,1,2018,Feb,2,Ruellia,blechum,RueBle,<1,N
15,North,32.4.1,1,2018,Feb,2,Sida,ulmifolia,SidUlm,<1,N
15,North,32.4.1,1,2018,Feb,2,Oxalis,corniculata,OxaCor,4,N
15,North,32.4.1,1,2018,Feb,2,Nama,jamaicensis,NamJam,<1,N
15,North,32.4.1,1,2018,Feb,2,Eleusine,indica,EleInd,<1,N
15,North,32.4.1,1,2018,Feb,2,Digitaria,ciliaris,DigCil,<1,N
15,North,32.4.1,1,2018,Feb,2,Calyptocarpus,vialis,CalVia,3,N
15,North,32.4.1,1,2018,Feb,2,Drymaria,cordata,DryCor,2,N
15,North,32.4.1,1,2018,Feb,2,Ruellia,ciliatiflora,RueCil,<1,N
15,North,32.4.1,1,2018,Feb,2,Stenotaphrum,secundatum,SteSec,<1,N
15,North,32.4.1,1,2018,Feb,2,Lepidium,virginianum,LepVir,<1,N
15,North,32.4.1,1,2018,Feb,2,Indigofera,spicata,IndSpi,<1,N
15,North,32.4.1,1,2018,Feb,2,Desmodium,triflorum,DesTri,<1,N
15,North,32.4.1,1,2018,Feb,2,Cyperus,filiformis,CypFil,<1,N
15,North,32.4.1,1,2018,Feb,2,Pilea,microphylla,PilMic,<1,N
15,North,32.4.1,1,2018,Feb,2,Paspalum,conjugatum,PasCon,<1,N
15,North,32.4.10,1,2018,Feb,2,Argemone,mexicana,ArgMex,,
15,North,32.4.10,1,2018,Feb,2,Chamaesyce,hirta or opthalmica,ChaHir,,
15,North,32.4.10,1,2018,Feb,2,Oxalis,debilis,OxaDeb,,
15,North,32.4.10,1,2018,Feb,2,Oxalis,corniculata,OxaCor,,
15,North,32.4.10,1,2018,Feb,2,Acalypha,setosa,AcaSet,,
15,North,32.4.10,1,2018,Feb,2,Pouteria,campechiana,PouCam,,
15,North,32.100,1,2018,Feb,2,Chamaesyce,opthalmica,ChaOpt,,
15,North,32.100,1,2018,Feb,2,Chamaesyce,hirta,ChaHir,,
15,North,32.100,1,2018,Feb,2,Sporobolus,indicus,SpoInd,,
15,North,32.100,1,2018,Feb,2,Parthenocissus,quinquefolia,ParQui,,
15,North,32.100,1,2018,Feb,2,UA,asteraceae,UAAst,,
15,North,32.100,1,2018,Feb,2,Youngia,japonica,YouJap,,
15,North,32.100,1,2018,Feb,2,Macroptilium,lathyroides,MacLat,,
15,North,32.100,1,2018,Feb,2,US,sapindaceae,USSap,,
15,North,32.100,1,2018,Feb,2,Passiflora,biflora,PasBif,,
15,North,32.100,1,2018,Feb,2,Litchi,chinensis,LitChi,,
15,North,32.100,1,2018,Feb,2,UD,Jasminum dichotomum or Eugenia uniflora,UDJas,,
15,North,32.100,1,2018,Feb,2,Oeceoclades,maculata,OecMac,,
15,North,40.1.1,1,2018,Feb,2,Ruellia,blechum,RueBle,15,N
15,North,40.1.1,1,2018,Feb,2,Salvia,occidentalis,SalOcc,4,N
15,North,40.1.1,1,2018,Feb,2,Sida,ulmifolia,SidUlm,3,N
15,North,40.1.1,1,2018,Feb,2,Indigofera,spicata,IndSpi,<1,N
15,North,40.1.1,1,2018,Feb,2,Paspalum,notatum,PasNot,<1,N
15,North,40.1.1,1,2018,Feb,2,Cyperus,filiformis,CypFil,<1,N
15,North,40.1.1,1,2018,Feb,2,Oxalis,corniculata,OxaCor,<1,N
15,North,40.1.1,1,2018,Feb,2,Ruellia,ciliatiflora,RueCil,<1,N
15,North,40.1.1,1,2018,Feb,2,Digitaria,ciliaris,DigCil,<1,N
15,North,40.1.1,1,2018,Feb,2,Urochloa,sp,UroSp,<1,N
15,North,40.1.10,1,2018,Feb,2,Cyonodon,dactylon,CyoDac,,
15,North,40.1.10,1,2018,Feb,2,Cyanthillium,cinereum,CyaCin,,
15,North,40.1.10,1,2018,Feb,2,Tridax,procumbens,TriPro,,
15,North,40.1.10,1,2018,Feb,2,Stenotaphrum,secundatum,SteSec,,
15,North,40.1.10,1,2018,Feb,2,UG2,,UG2,,
15,North,40.3.1,1,2018,Feb,2,Sida,ulmifolia,SidUlm,3,N
15,North,40.3.1,1,2018,Feb,2,Desmodium,triflorum,DesTri,4,N
15,North,40.3.1,1,2018,Feb,2,Ruellia,blechum,RueBle,3,N
15,North,40.3.1,1,2018,Feb,2,Cyonodon,dactylon,CyoDac,<1,N
15,North,40.3.1,1,2018,Feb,2,Stenotaphrum,secundatum,SteSec,<1,N
15,North,40.3.1,1,2018,Feb,2,Digitaria,ciliaris,DigCil,4,N
15,North,40.3.1,1,2018,Feb,2,Indigofera,spicata,IndSpi,2,N
15,North,40.3.1,1,2018,Feb,2,Calyptocarpus,vialis,CalVia,<1,N
15,North,40.3.1,1,2018,Feb,2,Cyanthillium,cinereum,CyaCin,<1,N
15,North,40.3.1,1,2018,Feb,2,Sporobolus,indicus,SpoInd,<1,N
15,North,40.3.10,1,2018,Feb,2,Eleusine,indica,EleInd,,
15,North,40.3.10,1,2018,Feb,2,Dichondra,micrantha,DicMic,,
15,North,40.3.10,1,2018,Feb,2,Euphorbia,graminea,EupGra,,
15,North,40.3.10,1,2018,Feb,2,Dichanthium,aristatum,DicAri,,
15,North,40.3.10,1,2018,Feb,2,Oxalis,corniculata,OxaCor,,
15,North,40.100,1,2018,Feb,2,Pouteria,sapota,PouSap,,
15,North,40.100,1,2018,Feb,2,Oeceoclades,maculata,OecMac,,
15,North,40.100,1,2018,Feb,2,Jasminum,dichotomum,JasDic,,
15,North,40.100,1,2018,Feb,2,UP,Sabal sp,UPSab,,
15,North,40.100,1,2018,Feb,2,Euphorbia,heterophylla or cyathophora,EupHet,,
15,North,40.100,1,2018,Feb,2,Chamaesyce,hirta,ChaHir,,
15,North,40.100,1,2018,Feb,2,Cyanthillium,cinereum,CyaCin,,
15,North,40.100,1,2018,Feb,2,Salvia,occidentalis,SalOcc,,
15,North,40.100,1,2018,Feb,2,Paspalum,conjugatum,PasCon,,
15,North,40.100,1,2018,Feb,2,Spermacoce,remota,SpeRem,,
15,North,40.100,1,2018,Feb,2,Parietaria,praetermissa,ParPra,,
15,North,40.100,1,2018,Feb,2,Pilea,microphylla,PilMic,,
15,North,40.100,1,2018,Feb,2,Argemone,mexicana,ArgMex,,
15,North,40.100,1,2018,Feb,2,Spermacoce,remota,SpeRem,,
15,North,40.100,1,2018,Feb,2,Acalypha,setosa,AcaSet,,
15,North,40.100,1,2018,Feb,2,Youngia,japonica,YouJap,,
15,North,40.100,1,2018,Feb,2,Euphorbia,heterophylla,EupHet,,
15,North,40.100,1,2018,Feb,2,Nama,jamaicensis,NamJam,,
15,North,40.100,1,2018,Feb,2,Lepidium,virginianum,LepVir,,
15,North,40.100,1,2018,Feb,2,Cyperus,filiformis,CypFil,,
15,North,40.100,1,2018,Feb,2,Erechites,hieracifolius,EreHie,,
15,North,41.1.1,1,2018,Feb,5,Pouteria,campechiana,PouCam,<1,N
15,North,41.1.1,1,2018,Feb,5,Ruellia,blechum,RueBle,2,N
15,North,41.1.1,1,2018,Feb,5,Ruellia,ciliatiflora,RueCil,<1,N
15,North,41.1.1,1,2018,Feb,5,Desmodium,triflorum,DesTri,1,N
15,North,41.1.1,1,2018,Feb,5,Salvia,occidentalis,SalOcc,2,N
15,North,41.1.1,1,2018,Feb,5,Parietaria,praetermissa,ParPra,<1,N
15,North,41.1.1,1,2018,Feb,5,Calyptocarpus,vialis,CalVia,<1,N
15,North,41.1.1,1,2018,Feb,5,Pilea,microphylla,PilMic,<1,N
15,North,41.1.1,1,2018,Feb,5,Sida,ulmifolia,SidUlm,<1,N
15,North,41.1.10,1,2018,Feb,5,Stenotaphrum,secundatum,SteSec,,
15,North,41.1.10,1,2018,Feb,5,Cyanthillium,cinereum,CyaCin,,
15,North,41.1.10,1,2018,Feb,5,Cyperus,filiformis,CypFil,,
15,North,41.1.10,1,2018,Feb,5,Oxalis,debilis,OxaDeb,,
15,North,41.1.10,1,2018,Feb,5,Nama,jamaicensis,NamJam,,
15,North,41.1.10,1,2018,Feb,5,Euphorbia,graminea,EupGra,,
15,North,41.1.10,1,2018,Feb,5,Oxalis,latifolia,OxaLat,,
15,North,41.1.10,1,2018,Feb,5,Indigofera,spicata,IndSpi,,
15,North,41.1.10,1,2018,Feb,5,UD,Myrtaceae,UDMyr,,
15,North,41.1.10,1,2018,Feb,5,Acalypha,setosa?,AcaSet,,
15,North,41.1.10,1,2018,Feb,5,Cissus,verticillata,CisVer,,
15,North,41.1.10,1,2018,Feb,5,Argemone,mexicana,ArgMex,,
15,North,41.1.10,1,2018,Feb,5,Oxalis,corniculata,OxaCor,,
15,North,41.1.10,1,2018,Feb,5,Spermacoce,remota,SpeRem,,
15,North,41.1.10,1,2018,Feb,5,Commelina,erecta or diffusa,ComEre,,
15,North,41.4.1,1,2018,Feb,5,Sida,ulmifolia,SidUlm,1,N
15,North,41.4.1,1,2018,Feb,5,Salvia,occidentalis,SalOcc,5,N
15,North,41.4.1,1,2018,Feb,5,Ruellia,blechum,RueBle,1,N
15,North,41.4.1,1,2018,Feb,5,Cyonodon,dactylon,CyoDac,1,N
15,North,41.4.1,1,2018,Feb,5,Indigofera,spicata,IndSpi,<1,N
15,North,41.4.1,1,2018,Feb,5,Commelina,sp,ComSp,<1,N
15,North,41.4.1,1,2018,Feb,5,Stenotaphrum,secundatum,SteSec,2,N
15,North,41.4.1,1,2018,Feb,5,Calyptocarpus,vialis,CalVia,2,N
15,North,41.4.1,1,2018,Feb,5,Oxalis,debilis,OxaDeb,<1,N
15,North,41.4.1,1,2018,Feb,5,Urochloa,sp,UroSp,<1,N
15,North,41.4.1,1,2018,Feb,5,Cyperus,filiformis,CypFil,<1,N
15,North,41.4.1,1,2018,Feb,5,Jasminum,sp,JasSp,<1,N
15,North,41.4.10,1,2018,Feb,5,Oxalis,corniculata,OxaCor,,
15,North,41.4.10,1,2018,Feb,5,Digitaria,ciliaris,DigCil,,
15,North,41.4.10,1,2018,Feb,5,Desmodium,incanum,DesInc,,
15,North,41.100,1,2018,Feb,5,Drymaria,cordata,DryCor,,
15,North,41.100,1,2018,Feb,5,Spermacoce,remota,SpeRem,,
15,North,41.100,1,2018,Feb,5,Lepidium,virginianum,LepVir,,
15,North,41.100,1,2018,Feb,5,Dichondra,micrantha,DicMic,,
15,North,41.100,1,2018,Feb,5,UD,,UD,,
15,North,41.100,1,2018,Feb,5,Oeceoclades,maculata,OecMac,,
15,North,41.100,1,2018,Feb,5,UP,,UP,,
15,North,41.100,1,2018,Feb,5,Euphorbia,sp,EupSp,,
15,North,41.100,1,2018,Feb,5,UG,Paspalum conjugatum,UGPas,,
15,North,41.100,1,2018,Feb,5,US,Sedge,USSed,,
