family,genus,species,established_FL ,native
Amaryllidaceae,aaHemerocallus?,NA,,0
Arecaceae,aaNA,NA,0,0
Malpighiaceae,aaNA,NA,,
Orchidaceae,aaNA,NA,,
Poaceae,aaNA,NA,1,
Cactaceae,aaNA,sp.,,
Malvaceae,Abelmoscus,esculentus,1,0
Orchidaceae,abNA,NA,,
Fabaceae,Abrus,precatorius,1,0
Fabaceae,Acacia,auriculiformis,1,0
Euphorbiaceae,Acalypha,alopecuroidea,1,0
Euphorbiaceae,Acalypha,amentacea wilkesiana,1,0
Euphorbiaceae,Acalypha,chamaedrifolia,1,1
Euphorbiaceae,Acalypha,hispida,0,0
Euphorbiaceae,Acalypha,ostryifolia,1,1
Euphorbiaceae,Acalypha,setosa,1,0
Sapindaceae,Acer,rubrum,1,1
Amaranthaceae,Achyranthes,aspera,1,0
Arecaceae,Acoelorathe,wrightii,1,1
Arecaceae,Acrocomia,sp.,1,0
Bombacaceae,Adansonia,digitata,0,0
ZZUnkFam,Adenium?,sp.,,
Arecaceae,Adonidia [Veitchia],merrillii,0,0
Bromeliaceae,Aechmea, 'Blue rain',0,0
Bromeliaceae,Aechmea,blanchetiana,0,0
Bromeliaceae,Aechmea,chantini,0,0
Bromeliaceae,Aechmea,nr lueddemanniana,,0
Rutaceae,Aegle,marmelos,0,0
Fabaceae,Aeschynomene,americana ,1,1
Fabaceae,Aeschynomene,viscidula,1,1
Agavaceae,Agave,americana,1,0
Agavaceae,Agave,angustifolia?,0,0
Agavaceae,Agave,attenuata,0,0
Agavaceae,Agave,desmettiana,0,0
Agavaceae,Agave,lophantha,0,0
Agavaceae,Agave,sp. #1,0,0
Asteraceae,Ageratum,houstonianum,1,0
Araceae,Aglaonema,nr commutatum,,0
Fabaceae,Albizia,lebbeck,1,0
Bromeliaceae,Alcantarea,imperialis,0,0
Apocynaceae,Allamanda,schottii,1,0
Araceae,Alocasia,zebrina,0,0
Asphodelaceae,Aloe,sp.,,0
Zingeberaceae,Alpinia,purpurata,0,0
Zingeberaceae,Alpinia,zerumbet,1,0
Apocynaceae,Alstonia,macrophylla,1,0
Picramniaceae,Alvaradoa,amorphoides,1,1
Fabaceae,Alysicarpus,vaginalis,1,0
Amaranthaceae,Amaranthus,blitum,1,0
Amaranthaceae,Amaranthus,hybridus,1,0
Amaranthaceae,Amaranthus,polygonoides,1,0
Amaranthaceae,Amaranthus,spinosus,1,0
Amaranthaceae,Amaranthus,viridis,1,0
Asteraceae,Ambrosia,artemisifolia,1,1
Bromeliaceae,Ananas,comosus,0,0
Poaceae,Andropogon,brachystachyus,1,1
Poaceae,Andropogon,glomeratus,1,1
Poaceae,Andropogon,tracyi,1,1
Schizaeaceae,Anemia,adiantifolia,1,1
Apocynaceae,Angadenia ,berteroi,1,1
Annonaceae,Annona,cherimola x squamosa,0,0
Annonaceae,Annona,diversifolia,0,0
Annonaceae,Annona,diversifolia x glabra,0,0
Annonaceae,Annona,glabra,1,1
Annonaceae,Annona,montana ,0,0
Annonaceae,Annona,muricata,0,0
Annonaceae,Annona,reticulata,0,0
Annonaceae,Annona,squamosa,1,0
Phyllanthaceae,Antidesma ,bunius,0,0
Araucariaceae,Araucaria,heterophylla,1,0
Myrsinaceae,Ardisia,elliptica,1,0
Myrsinaceae,Ardisia,escallionoides,1,1
Papaveraceae,Argemone,mexicana,1,1
Poaceae,Aristida,purpurascens,1,1
Moraceae,Artocarpus,heterophyllus,0,0
Moraceae,Artocarpus,nitidus,0,0
Apocynaceae,Asclepias,curassavica,1,0
Polygalaceae,Asemeia [Polygala],violacea,1,1
Asparagaceae,Asparagus,aethiopicus,1,0
Acanthaceae,Asystasia,gangetica,1,0
Arecaceae,Attalea,crassispatha,0,0
Arecaceae,Attalea,speciosa,0,0
Oxalidaceae,Averrhoa,carambola,0,0
Poaceae,Axonopus,compressus,1,1
Poaceae,Axonopus,fissifolius,1,1
Poaceae,Axonopus,furcatus,1,1
Malvaceae,Ayenia,euphrasifolia,1,1
Meliaceae,Azadirachta,indica,0,0
Asteraceae,Baccharis,sp.,1,1
Plantaginaceae,Bacopa,monnieri,1,1
Poaceae,Bambusa,multiplex,1,0
Poaceae,Bambusa ,melingensis 'MeClures',0,0
Acanthaceae,Barleria,cristata,1,0
Basellaceae,Basella,alba,0,0
Fabaceae,Bauhinia,tomentosa,0,0
Fabaceae,Bauhinia,variegata,1,0
Asparagaceae,Beaucarnea,recurvata,0,0
Asteraceae,Berlandiera,subacaulis,1,1
Asteraceae,Bidens,alba,1,1
Bromeliaceae,Billbergia,pyramidalis,1,0
Phyllanthaceae,Bischofia,javanica,1,0
Arecaceae,Bismarkia,nobilis,0,0
Sapindaceae,Blighia,sapida,0,0
Nyctaginaceae,Boerhavia,diffusa,1,1
Nyctaginaceae,Boerhavia,erecta,1,1
Bombacaceae,Bombax,ceiba,0,0
Arecaceae,Borassus,sp.,0,0
Poaceae,Bothriochloa,pertusa,1,0
Nyctaginaceae,Bougainvillea,sp.,0,0
Boraginaceae,Bourreria,succulenta,1,1
Brassicaceae,Brassica,oleracea,0,0
Moraceae,Brosimum,alicastrum,1,0
Orobanchaceae,Buchnera,americana,1,1
Asphodelaceae,Bulbine ,frutescens,1,0
Zygophyllaceae,Bulnesia,arborea,0,0
Burseraceae,Bursera,simaruba,1,1
Malpighiaceae,Byrsonima,lucida,1,1
Fabaceae,Caesalspina,granadillo,0,0
Fabaceae,Caesalspina,pulcherrima,1,0
Fabaceae,Calliandra,tergemina,0,0
Lamiaceae,Callicarpa,americana,1,1
Sapotaceae,Calocarpum ,viride,0,0
Rubiaceae,Calycophyllum ,spruceanum,0,0
Asteraceae,Calyptocarpus,vialis,1,0
Myrtaceae,Calyptranthes,pallens,1,1
Fabaceae,Canavalia,brasiliensis,1,0
Canellaceae,Canella,winterana,1,1
Cannaceae,Canna,sp.,1,0
Cannabaceae [Incl. Celtidaceae],Cannabis ,sativa,1,0
Brassicaceae,Capsella,bursa-pastoris,1,0
Solanaceae,Capsicum,annuum,1,1
Brassicaceae,Cardamine,pensylvanica,1,1
Sapindaceae,Cardiospermum,microcarpum,1,1
Caricaceae,Carica,papaya,1,1
Cyclanthaceae,Carludovica,nr. palmata,0,0
Arecaceae,Carpenteria,acuminata,0,0
Arecaceae,Caryota,mitis,1,0
Rutaceae,Casimiroa ,edulis,0,0
Rutaceae,Casimiroa ,tetrameria,0,0
Fabaceae,Cassia,sp.,,
Lauraceae,Cassytha,filiformis,1,1
Casuarinaceae,Casuarina,equisetifolia,1,0
Orchidaceae,Caulaelia/Jackfowlieara/Cattleya,sp.,,
Poaceae,Cenchrus,brownii,1,1
Poaceae,Cenchrus,echinatus,1,1
Poaceae,Cenchrus,gracillimus,1,1
Poaceae,Cenchrus [Pennisetum],purpureus,1,0
Poaceae,Cenchrus [Pennisetum],setaceus,1,0
Apiaceae,Centella,asiatica,1,1
Fabaceae,Centrosema,virginianum,1,1
Zamiaceae,Ceratozamia/Macrozamia,NA,0,0
Fabaceae,Chamaecrista,faciculata,1,1
Fabaceae,Chamaecrista,nictitans aspera,1,1
Arecaceae,Chamaedorea,seifrizii,1,0
Arecaceae,Chamaerops,humilis,0,0
Arecaceae,Chambeyronia,macrocarpa,0,0
Asteraceae,Chaptalia,albicans,1,1
Amaranthaceae,Chenopodium,album,1,0
Rubiaceae,Chiococca,alba,1,1
Poaceae,Chloris,radiata,1,0
Bombacaceae,Chlorisia,speciosa,0,0
Asteraceae,Chromalaena,odorata,1,1
Chrysobalanaceae,Chrysobalanus,icaco,1,1
Sapotaceae,Chrysophyllum,cainito,0,0
Sapotaceae,Chrysophyllum,oliviforme,1,1
Poaceae,Chrysopogon,pauciflorus,1,1
Asteraceae,Cirsium,horridulum,1,1
Asteraceae,Cirsium,nuttallii,1,1
Vitaceae,Cissus,verticillata,1,1
Verbenaceae,Citharexylum,spinosum,1,1
Cucurbitaceae,Citrullus,lanatus,1,0
Rutaceae,Citrus,latifolia,0,0
Rutaceae,Citrus,x paradisi,0,0
Rutaceae,Citrus,x sinensis,0,0
Rutaceae,Clausena ,lansium,0,0
Clusiaceae,Clusia,rosea,1,1
Euphorbiaceae,Cnidoscolus,stimulosus,1,1
Polygonaceae,Coccoloba,diversifolia,1,1
Polygonaceae,Coccoloba,uvifera,1,1
Arecaceae,Cocos,nucifera,1,1
Arecaceae,Cocothrinax,alta,0,0
Arecaceae,Cocothrinax,argentata,1,1
Arecaceae,Cocothrinax,crinita,0,0
Arecaceae,Cocothrinax,sp.,0,0
Euphorbiaceae,Codiaeum,variegatum,0,0
Rhamnaceae,Colubrina,arborescens,1,1
Commelinaceae,Commelina,diffusa,1,0
Commelinaceae,Commelina,erecta,1,1
Combretaceae,Conocarpus,erectus,1,1
Asteraceae,Conyza,canadense,1,1
Arecaceae,Copernicia,baileyana,0,0
Arecaceae,Copernicia,cowellii,0,0
Arecaceae,Copernicia,fallense,0,0
Arecaceae,Copernicia,glabrescens,0,0
Arecaceae,Copernicia,hospita,0,0
Arecaceae,Copernicia,sp.,0,0
Boraginaceae,Cordia,boissieri,0,0
Boraginaceae,Cordia,sebestina,1,0
Asparagaceae,Cordyline,fruiticosa [terminalis],0,0
Lecythidaceae,Coroupita,guianensis,0,0
Arecaceae,Corypha,sp.,0,0
Costaceae,Costus/Cheilocostus,pulverulentus/speciosus,,0
Asteraceae,Crassocephalum,crespidioides,1,0
Crassulaceae,Crassula,arborescens ,0,0
Amaryllidaceae,Crinum,asiaticum,1,0
Celastraceae,Crossopetalum,ilicifolium,1,1
Fabaceae,Crotalaria,juncea,1,0
Fabaceae,Crotalaria,pallida obovata,1,0
Fabaceae,Crotalaria,pumila,1,1
Fabaceae,Crotalaria,spectabilis,1,0
Euphorbiaceae,Croton,linearis,1,1
Bromeliaceae,Cryptanthus,bivittatus,0,0
Cucurbitaceae,Cucumis,sativus,1,0
Cucurbitaceae,Cucurbita,moschata,1,0
Cucurbitaceae,Cucurbita,pepo,0,0
ZZUnkFam,Cupania?,glabra?,,
Commelinaceae,Cyanotis,nr. obtusa,0,0
Asteraceae,Cyanthillium,cinereum,1,0
Cycadaceae,Cycas,circinalis,0,0
Cycadaceae,Cycas,revoluta,1,0
Apiaceae,Cyclospermum,leptophyllum,1,0
Poaceae,Cyonodon,dactylon,1,0
Cyperaceae,Cyperus,compressus,1,1
Cyperaceae,Cyperus,croceus,1,1
Cyperaceae,Cyperus,esculentus,1,0
Cyperaceae,Cyperus,hyalinus,1,0
Cyperaceae,Cyperus,polystachios,1,1
Cyperaceae,Cyperus,rotundus,1,0
Cyperaceae,Cyperus [Kyllinga],brevifolius,1,0
Cyperaceae,Cyperus [Kyllinga],metzii [squamulata],1,0
Poaceae,Dactyloctenium,aegyptium,1,0
Lauraceae,Danburneya [Ocotea],coriacea,1,1
Fabaceae,Delonix,regia,1,0
Orchidaceae,Dendrobium,sp.,,
Fabaceae,Desmanthus,leptophyllus,1,0
Fabaceae,Desmodium,incanum,1,0
Fabaceae,Desmodium,lineatum,1,1
Fabaceae,Desmodium,tortuosum,1,0
Fabaceae,Desmodium,triflorum,1,0
Hemorocallidaceae,Dianella,ensifolia/madagascarensis,,0
Poaceae,Dichanthelium,aciculare,1,1
Poaceae,Dichanthelium,ensifolium ensifolium,1,1
Poaceae,Dichanthelium,ovale,1,1
Poaceae,Dichanthelium,strigosum glabrescens,1,1
Poaceae,Dichanthium,aristatum,1,0
Convolvulaceae,Dichondra,micrantha,1,0
Arecaceae,Dictyosperma ,album,0,0
Iridaceae,Dietes,bicolor,0,0
Poaceae,Digitaria,ciliaris,1,1
Sapindaceae,Dimocarpus,longan,1,0
Sapindaceae,Dimocarpus,sp.,0,0
Poaceae,Dinebra,panicea,1,1
Rubiaceae,Diodea,nr. virginica,1,1
Zamiaceae,Dioon,edule,0,0
Zamiaceae,Dioon,holmgrenii/sonorense,0,0
Zamiaceae,Dioon,mejiae,0,0
Ebenaceae,Diospyros ,discolor,0,0
Ebenaceae,Diospyros ,ebe/ebenum,,0
Ebenaceae,Diospyros ,mespiliformis [senegalensis],0,0
Ebenaceae,Diospyros ,nigra [dignya],0,0
Convolvulaceae,Distimake,dissectus,1,1
Malvaceae,Dombeya,Cayeuxii',0,0
Salicaceae,Dovyalis,abyssinica,0,0
Salicaceae,Dovyalis,caffra ,0,0
Salicaceae,Dovyalis,hebecarpa,0,0
Asparagaceae,Dracaena,fragrans,0,0
Asparagaceae,Dracaena,marginata,0,0
Caryophyllaceae,Drymaria,cordata,1,0
Putranjivaceae,Drypetes,lateriflora,1,1
Verbenaceae,Duranta,erecta,1,0
Arecaceae,Dypsis,cabidae,0,0
Arecaceae,Dypsis,decaryi,0,0
Arecaceae,Dypsis,lutescens,1,0
Acanthaceae,Dyschoriste,angusta,1,1
Fabaceae,Ebenopsis , ebano,0,0
Poaceae,Echinochloa,colona,1,0
Poaceae,Echinochloa,crusgalli,1,0
Apocynaceae,Echites,umbellatus,1,1
Asteraceae,Eclipta,prostrata,1,1
Boraginaceae,Ehretia,anacua,,0
Arecaceae,Elaeis,guineensis,1,0
Poaceae,Eleusine,indica,1,0
Asteraceae,Emilia,fosbergii,1,0
Asteraceae,Emilia,sonchifolia,1,0
Zamiaceae,Encephalartos,gratus,0,0
Zamiaceae,Encephalartos/Dioon,sp.,0,0
Orchidaceae,Encyclia,tampensis,1,1
Fabaceae,Enterolobium,contortisiliqum/cyclocarpum,1,0
Araceae,Epipremnum,pinnatum,1,0
Poaceae,Eragrostis,amabilis,1,0
Poaceae,Eragrostis,bahiensis,1,0
Poaceae,Eragrostis,barrelieri,1,0
Poaceae,Eragrostis,ciliaris,1,0
Poaceae,Eragrostis,elliottii,1,1
Asteraceae,Erechtites,hieracifolius,1,1
Poaceae,Eremochloa,ophiuroides,1,0
Rosaceae,Eriobotrya,japonica,1,0
Fabaceae,Erythrina,herbacea,1,1
Myrtaceae,Eugenia,"""vuehlo"" (no such species)",0,0
Myrtaceae,Eugenia,aggregata,0,0
Myrtaceae,Eugenia,axillaris,1,1
Myrtaceae,Eugenia,brasiliensis ,0,0
Myrtaceae,Eugenia,confusa,1,1
Myrtaceae,Eugenia,foetida,1,1
Myrtaceae,Eugenia,luschnathiana,0,0
Myrtaceae,Eugenia,rhombea,1,1
Myrtaceae,Eugenia,uniflora,1,0
Orchidaceae,Eulophia,graminea,1,0
ZZUnkFam,Euonymus?,?,,
Asteraceae,Eupatorium,capillifolium,1,1
Euphorbiaceae,Euphorbia,graminea,1,0
Euphorbiaceae,Euphorbia,lactea,0,0
Euphorbiaceae,Euphorbia,milii,1,0
Euphorbiaceae,Euphorbia,nr. ingens,,0
Euphorbiaceae,Chamaesyce,hirta,1,1
Euphorbiaceae,Chamaesyce,hypericifolia,1,1
Euphorbiaceae,Chamaesyce,hyssopifolia,1,1
Euphorbiaceae,Chamaesyce,lasiocarpa,1,0
Euphorbiaceae,Chamaesyce,mendezii,1,0
Euphorbiaceae,Chamaesyce,opthalmica,1,1
Euphorbiaceae,Chamaesyce,prostrata,1,1
Euphorbiaceae,Euphorbia,cyathophora,1,1
Euphorbiaceae,Euphorbia,heterophylla,1,1
Euphorbiaceae,Euphorbia [Poinsettia],pinetorum,1,1
Boraginaceae,Euploca [Heliotropium],procumbens,1,0
Poaceae,Eustachys,petraea,1,1
Convolvulaceae,Evolvulus,sericeus,1,1
Sapindaceae,Exothea,paniculata,1,1
Moraceae,Ficus,aurea,1,1
Moraceae,Ficus,benjamina,1,0
Moraceae,Ficus,lyrata,0,0
Moraceae,Ficus,microcarpa,1,0
Moraceae,Ficus,religiosa,1,0
Cyperaceae,Fimbristylis,cymosa,1,1
Salicaceae,Flacourtia,indica,1,0
Oleaceae,Forestiera,segregata,1,1
Rosaceae,Frageria,sp.,,
Oleaceae,Fraxinus,uhdei,0,0
Papaveraceae,Fumaria,officinalis,1,0
Rubiaceae,Galium,hispidulum,1,1
Malpighiaceae,Galphimia,gracilis,1,0
Asteraceae,Gamochaeta,pensylvanica,1,0
Euphorbiaceae,Garcia,nutans,0,0
Clusiaceae,Garcinia,livingstonei,0,0
Clusiaceae,Garcinia,subelliptica/spicata/ovalifolius var.spicata,0,0
Clusiaceae,Garcinia,xanthochymus [tinctoria],0,0
Rubiaceae,Gardenia,sp.1,0,0
Rubiaceae,Gardenia,sp.2,0,0
Chrysobalanaceae,Geobalanus,oblongifolius,1,1
Geraniaceae,Geranium ,carolinianum,1,1
Commelinaceae,Gibasis,pellucida,1,0
Orchidaceae,Grammatophyllum,multiflorum,0,0
Zygophyllaceae,Guaiacum,sanctum,1,1
Rubiaceae,Guettarda,scabra,1,1
Bromeliaceae,Guzmania,lingulata,,0
Euphorbiaceae,Gymnanthes,lucida,1,1
Rubiaceae,Hamelia,patens,1,1
Bignoniaceae,Handroanthus [Tabebuia],chrysotricha/chrysantha,,0
Bignoniaceae,Handroanthus [Tabebuia],impetiginosa,0,0
Bignoniaceae,Handroanthus [Tabebuia],sp.,0,0
Heliconiaceae,Heliconia,nr. acuminata,0,0
Heliconiaceae,Heliconia,rostrata,0,0
Malvaceae,Herissantia,crispa,1,1
Arecaceae,Heterospathe,elata,0,0
Malvaceae,Hibiscus,rosa-sinensis rosa-sinensis,1,0
Asteraceae,Hieracium,megacephalon,1,1
Bromeliaceae,Hohenbergia,nr. stellata,0,0
Rubiaceae,Houstonia [Hedyotis],procumbens,1,1
Violaceae,Hybanthus,linearifolius,1,0
Araliaceae,Hydrocotyle,umbellata,1,1
Arecaceae,Hyophorbe,langenocaulis,0,0
Arecaceae,Hyophorbe,verschaffeltii,0,0
Poaceae,Hyparrhenia,rufa,1,0
Arecaceae,Hyphaene,coriacea,0,0
Hypoxidaceae,Hypoxis,juncea/sessilis/wrightii,1,1
Balsaminaceae,Impatiens,walleriana,1,0
Poaceae,Imperata,brasiliensis,1,1
Fabaceae,Indigofera,spicata,1,0
Fabaceae,Indigofera,suffruticosa,1,0
Fabaceae,Indigofera,tinctoria,,0
Convolvulaceae,Ipomoea,alba,1,1
Convolvulaceae,Ipomoea,batatas,1,0
Convolvulaceae,Ipomoea,hederifolia,1,1
Convolvulaceae,Ipomoea,indica,1,1
Convolvulaceae,Ipomoea,tenuissima,1,1
Convolvulaceae,Ipomoea,triloba,1,0
Rubiaceae,Ixora,coccinea,1,0
Bignoniaceae,Jacaranda,sp.,,0
Convolvulaceae,Jacquemontia,curtissii,1,1
Oleaceae,Jasminum,dichotomum,1,0
Oleaceae,Jasminum,fluminense,1,0
Euphorbiaceae,Jatropha,curcas,1,0
Euphorbiaceae,Jatropha,integerrima,1,0
Cupressaceae,Juniperus,chinensis,0,0
Zygophyllaceae,Kallstroemia,maxima,1,1
Bignoniaceae,Kigelia,africana,0,0
Sapindaceae,Koelreuteria,elegans,1,0
Rhamnaceae,Krugiodendron,ferrum,1,1
Lythraceae,Lagerstroemia,speciosa,0,0
Verbenaceae,Lantana,depressa,1,1
Verbenaceae,Lantana,involucrata,1,1
Verbenaceae,Lantana,strigocamara,1,0
Urticaceae,Laportea,aestuans,1,0
Arecaceae,Latania,lontaroides,0,0
Brassicaceae,Lepidium,virginicum,1,1
Brassicaceae,Lepidium,didynum,1,0
Fabaceae,Leucania,leucocephala,1,0
Arecaceae,Leucothrinax,morrisi,1,1
Asteraceae,Liatris,gracilis,1,1
Chrysobalanaceae,Licania,rigida,0,0
Chrysobalanaceae,Licania,tomentosa,0,0
Oleaceae,Ligustrum,sp.,1,0
Ruscaceae,Liriope,spicata,1,0
Sapindaceae,Litchi,chinensis,0,0
Arecaceae,Livistona,chinensis,1,0
Arecaceae,Livistona,mariae,0,0
Arecaceae,Livistona,sp.#1,0,0
Arecaceae,Livistona,sp.#2,,0
Plantaginaceae,Lophospermum/Rhodochiton,NA,0,0
Onagraceae,Ludwigia,peruviana,1,0
Solanaceae,Lycium,carolinianum,1,1
Fabaceae,Lysiloma,latisiliquum,1,1
Myrsinaceae [Primulaceae],Lysimachia,arvensis,1,0
Proteaceae,Macadamia,sp.,0,0
Fabaceae,Macroptilium,lathyroides,1,0
Malpighiaceae,Malpighia,glabra,,
Calophyllaceae,Mammea,americana,0,0
Anacardiaceae,Mangifera,indica,1,0
Anacardiaceae,Mangifera,odorata,0,0
Anacardiaceae,Mangifera,zeylanica,0,0
Euphorbiaceae,Manihot,sp.,1,0
Sapotaceae,Manilkara,zapota,1,0
Plantaginaceae,Mecardonia,procumbens,1,1
Fabaceae,Medicago,lupulina,1,0
Myrtaceae,Melaleuca [Callistemon],viminalis,1,0
Asteraceae,Melanthera,nivea,1,1
Sapindaceae,Melicoccus ,bijugatus,1,0
Fabaceae,Melilotus,albus,1,0
Poaceae,Melinis,repens,1,0
Apocynaceae,Metastelma [Cynanchum],blodgettii,1,1
Anacardiaceae,Metopium,toxiferum,1,1
Melastomataceae,Micona [Tetrazygia],bicolor,1,1
Asteraceae,Mikania,micrantha/scandens,1,
Fabaceae,Millettia [Pongamia],pinnata,1,0
Sapotaceae,Mimusops ,balata [commersonii]/coriacea,,
Sapotaceae,Mimusops ,elengi,1,0
Cucurbitaceae,Momordica,charantia,1,0
Araceae,Monstera,deliciosa,1,0
Myricaceae,Morella [Myrica],cerifera,1,1
Rubiaceae,Morinda,royoc,1,1
Fabaceae,Mucuna,pruriens,1,0
Commelinaceae,Murdannia,nudiflora,1,0
Rutaceae,Murraya,koenigii,0,0
Rutaceae,Murraya,paniculata,1,0
Musaceae,Musa,x paradisiaca,1,0
Myrtaceae,Myrcianthes,fragrans,1,1
Myrtaceae,Myrciaria ,cauliflora,0,0
Myrtaceae,Myrciaria ,floribunda,0,0
Myrtaceae,Myrciaria ,glomerata,0,0
Myrsinaceae,Myrsine,cubana,1,1
ZZUnkFam,NA,NA,,
ZZUnkFam,NA,NA,,
ZZUnkFam,NA,NA,,
ZZUnkFam,NA,NA,,
ZZUnkFam,NA,NA,,
Hydrophyllaceae,Nama,jamaicensis,1,0
Rubiaceae,Nauclea ,latifolia,0,0
Bromeliaceae,Neoregelia,carolinae,0,0
Bromeliaceae,Neoregelia,cruenta,0,0
Bromeliaceae,Neoregelia,johannis,,0
Bromeliaceae,Neoregelia,schultsiana,,0
Nephrolepidaceae [Dryopteridaceae],Nephrolepis,brownei,1,0
Nephrolepidaceae [Dryopteridaceae],Nephrolepis,cordifolia,1,0
Nephrolepidaceae [Dryopteridaceae],Nephrolepis,exaltata,1,1
Nephrolepidaceae [Dryopteridaceae],Nephrolepis,falcata,1,0
Fabaceae,Neptunia,pubescens,1,1
Poaceae,Neyraudia,reynaudiana,1,0
Solanaceae,Nicandra,physaloides,1,0
Solanaceae,Nicotiana,tabacum,1,0
Lamiaceae,Ocimum ,basilicum,1,0
Acanthaceae,Odontonema,cuspidatum [strictum],1,0
Orchidaceae,Oeceoclades,maculata,1,0
Onagraceae,Oenothera,laciniata,1,1
Rubiaceae,Oldenlandia,corymbosa,1,0
Orchidaceae,Oncidium,altissimum/sphacelatum,,
Asparagaceae,Ophiopogon,japonicum,0,0
Cactaceae,Opuntia,cochinellifera,1,0
Cactaceae,Opuntia,stricta,1,1
Bignoniaceae,Oroxylum,indicum,0,0
Oxalidaceae,Oxalis,corniculata,1,1
Oxalidaceae,Oxalis,debilis,1,0
Oxalidaceae,Oxalis,latifolia,1,0
Bombacaceae,Pachira,aquatica,0,0
Bombacaceae,Pachira,glabra,0,0
ZZUnkFam,Pandanus?,NA,,
Urticaceae,Parietaria,floridana,1,1
Urticaceae,Parietaria,praetermissa,1,1
Asteraceae,Parthenium,hysterophorus,1,0
Vitaceae,Parthenocissus,quinquefolia,1,1
Poaceae,Paspalum,blodgetii,1,1
Poaceae,Paspalum,caespitosum,1,1
Poaceae,Paspalum,conjugatum,1,1
Poaceae,Paspalum,fimbriatum,1,0
Poaceae,Paspalum,malacophyllum,1,0
Poaceae,Paspalum,notatum,1,0
Poaceae,Paspalum,setaceum,1,1
Passifloraceae,Passiflora,biflora,1,0
Passifloraceae,Passiflora,edulis,1,0
Passifloraceae,Passiflora,laurifolia hybrid,0,0
Passifloraceae,Passiflora,suberosa,1,1
Asteraceae,Pectis,glaucescens,1,1
Asteraceae,Pectis,prostrata,1,1
Lauraceae,Persea,americana,1,0
Lauraceae,Persea,borbonia,1,1
Lauraceae,Persea,palustris,1,1
Polygonaceae,Persicaria [Polygonum],punctatum,1,1
Orchidaceae,Phalaenopsis,amabilis,0,0
Orchidaceae,Phalaenopsis,sp.2,0,0
Orchidaceae,Phalaenopsis,sp.3,0,0
Fabaceae,Phaseolus,vulgaris,1,0
Araceae,Philodendron,bipinnifidum 'Xanadu',0,0
Araceae,Philodendron,domesticum / hastatum,0,0
Araceae,Philodendron,erubescens / hastatum,0,0
Araceae,Philodendron,selloum,0,0
Polypodiaceae,Phlebodium,aureum,1,1
Arecaceae,Phoenix,canariensis,0,0
Arecaceae,Phoenix,reclinata,1,0
Arecaceae,Phoenix,roebellini,0,0
Arecaceae,Phoenix,sp.,0,0
Arecaceae,Phoenix,sylvestris/dactylifera,,0
Verbenaceae,Phylla,nodiflora,1,1
Phyllanthaceae,Phyllanthus,amarus,1,0
Phyllanthaceae,Phyllanthus,pentaphyllus,1,1
Phyllanthaceae,Phyllanthus,tenellus,1,0
Solanaceae,Physalis,angulata,1,1
Solanaceae,Physalis,walteri,1,1
Picramniaceae,Picramnia,pentandra,1,1
Urticaceae,Pilea,microphylla,1,1
Myrtaceae,Pimenta,dioica,1,0
Myrtaceae,Pimenta,racemosa,0,0
Pinaceae,Pinus,elliotii densa,1,1
Turneraceae,Piriqueta,cistoides caroliniana,1,1
Fabaceae,Piscidia,piscipula,1,1
Fabaceae,Pithecellobium,dulce,1,0
Pittosporaceae,Pittosporum,pentandrum,1,0
Pittosporaceae,Pittosporum,tobira,1,0
Asteraceae,Pityopsis,graminifolia,1,1
Pteridaceae Adiantoidae,Pityrogramma,trifoliata,1,1
Plantaginaceae,Plantago,major,1,0
Plantaginaceae,Plantago,virginica,1,1
Polypodiaceae,Platycerium,bifurcatum,1,0
Polypodiaceae,Pleopeltis [Polypodium],michauxiana [polypodiodes],1,1
Asteraceae,Pluchea,carolinensis,1,0
Asteraceae,Pluchea,odorata,1,1
Plumbaginaceae,Plumbago,auriculata,1,0
Plumbaginaceae,Plumbago,zeylanica [scandens],1,1
Apocynaceae,Plumeria,rubra,0,0
Podocarpaceae,Podocarpus,macrophyllus,1,0
Fabaceae,Poitea [Sabinia],carinalis,0,0
Tetrachondraceae,Polypremum,procumbens,1,1
Portulacaceae,Portulaca,oleracea,1,1
Sapotaceae,Pouteria,campechiana,1,0
Sapotaceae,Pouteria,hypoglauca,0,0
Sapotaceae,Pouteria,sapota,0,0
Verbenaceae,Priva,lappulacea,1,1
Orchidaceae,Prosthechea,radiata,0,0
Rosaceae,Prunus,myrtifolia,1,1
Bombacaceae,Pseudobombax,ellipticum,0,0
Arecaceae,Pseudophoenix,lediniana,0,0
Myrtaceae,Psidium ,cattleianum ,1,0
Myrtaceae,Psidium ,friedrichsthalianum ,0,0
Myrtaceae,Psidium ,guajava,1,0
Psilotaceae,Psilotum,nudum,1,1
Dennstaedtiaceae,Pteridium,aquilinum,1,1
Pteridaceae,Pteris,vittata,1,0
Asteraceae,Pterocaulon,pycnostachyum,1,1
Arecaceae,Ptychosperma,macarthurii,1,0
Arecaceae,Ptychosperma,sp.,,0
Fabaceae,Pueraria,montana lobata,1,0
ZZUnkFam,Punica or Myrtus?,NA,,
Brassicaceae,Quadrella [Capparis],jamaicensis,1,1
Fagaceae,Quercus,virginiana,1,1
Rubiaceae,Randia,aculeata,1,1
Arecaceae,Raphis,excelsa,0,0
Strelitziaceae,Ravenala,madagascariensis,0,0
Apocynaceae,Rhabdadenia/diplodenia,sp.,,
Rubiaceae,Rhondeletia,leucophylla,0,0
Anacardiaceae,Rhus,copallinum,1,1
Fabaceae,Rhynchosia,minima,1,1
Fabaceae,Rhynchosia,reniformis,1,1
Cyperaceae,Rhynchospora,floridensis,1,1
Rubiaceae,Richardia,brasiliensis,1,0
Rubiaceae,Richardia,grandiflora,1,0
Euphorbiaceae,Ricinus,communis,1,0
Annonaceae,Rollinia ,deliciosa,0,0
Lamiaceae,Rosmarinus ,officinalis,0,0
Poaceae,Rottboellia,cochinchinensis,1,0
Arecaceae,Roystonea,regia,1,1
Acanthaceae,Ruellia,blechum,1,0
Acanthaceae,Ruellia,ciliatiflora,1,0
Acanthaceae,Ruellia,simplex [tweediana],1,0
Acanthaceae,Ruellia,succulenta,1,1
Plantaginaceae,Russelia,equisetiformis,1,0
Arecaceae,Sabal,causiarum,0,0
Arecaceae,Sabal,etonia,1,1
Arecaceae,Sabal,maritima,0,0
Arecaceae,Sabal,"mauritiiformis
",0,0
Arecaceae,Sabal,mexicana/bermudana,,0
Arecaceae,Sabal,minor,1,1
Arecaceae,Sabal,palmetto,1,1
Arecaceae,Sabal,uresana?,0,0
Salicaceae,Salix,caroliniana,1,1
Lamiaceae,Salvia,occidentalis,1,1
Ruscaceae,Sanseveria,hyacinthoides,1,0
Arecaceae,Satakentia,liukiuensis,0,0
Anacardiaceae,Schinus,terebinthifolius,1,0
Arecaceae,Schippia,concolor,0,0
Poaceae,Schizachyrium,gracile,1,1
Poaceae,Schizachyrium,rhizomatum,1,1
Poaceae,Schizachyrium,sanguineum,1,1
Araliaceae,Schefflera,actinophylla,1,0
Araliaceae,Schleffera,arboricola,1,0
Cyperaceae,Scleria,ciliata,1,1
Lamiaceae,Scutellaria,havanensis,1,1
Cactaceae,Selenicereus [Hylocereus],polyrhizus x undatus,0,0
Cactaceae,Selenicereus [Hylocereus],undatus,1,0
Fabaceae,Senna,ligustrina,1,1
Fabaceae,Senna,mexicana chapmanii,1,1
Fabaceae,Senna,obtusifolia,1,1
Fabaceae,Senna,polyphylla,0,0
Fabaceae,Senna,surattensis,1,0
Arecaceae,Serenoa,repens,1,1
Poaceae,Setaria,parviflora,1,1
Poaceae,Setaria,rariflora,1,0
Poaceae,Setaria,setosa,1,0
Poaceae,Setaria,viridis,1,0
Malvaceae,Sida,ulmifolia,1,1
Sapotaceae,Sideroxylon,foetidissimum,1,1
Sapotaceae,Sideroxylon,salicifolium,1,1
Simaroubaceae,Simarouba,glauca,1,1
Smilacaceae,Smilax,auriculata,1,1
Smilacaceae,Smilax,bona-nox,1,1
Solanaceae,Solanum,americanum,1,1
Solanaceae,Solanum,lycopersicum,1,0
Solanaceae,Solanum,melongena,1,0
Solanaceae,Solanum,viarum,1,0
Asteraceae,Solidago,odora chapmanii,1,1
Asteraceae,Sonchus,asper,1,0
Asteraceae,Sonchus,oleraceus,1,0
Plantaginaceae,Sophronanthe,hispida,1,1
Poaceae,Sorghastrum,secundum,1,1
Poaceae,Sorghum,bicolor,1,0
Poaceae,Sorghum,halepense,1,0
Rubiaceae,Spermacoce,keyensis,1,1
Rubiaceae,Spermacoce,prostrata,1,1
Rubiaceae,Spermacoce,remota,1,1
Rubiaceae,Spermacoce,tetraquetra,1,1
Rubiaceae,Spermacoce,verticillata,1,0
Asteraceae,Sphagneticola,trilobata,1,0
Loganiaceae [Strychnaceae],Spigelia,anthelmia,1,1
Anacardiaceae,Spondias ,cytherea/mombin,0,0
Anacardiaceae,Spondias ,mombin,0,0
Anacardiaceae,Spondias ,purpurea ,1,0
Poaceae,Sporobolus,indicus,1,0
Verbenaceae,Stachytarpheta,cayennensis,1,0
Verbenaceae,Stachytarpheta,jamaicensis,1,1
Poaceae,Stenotaphrum,secundatum,1,1
Strelitziaceae,Strelitzia,sp.,0,0
Fabaceae,Stylosanthes ,hamata,1,1
Meliaceae,Swietenia,mahagoni,1,1
Arecaceae,Syagrus,romanzoffiana,1,0
Arecaceae,Syagrus,sp.,0,0
Asteraceae,Symphyotrichum,adnatum,1,1
Asteraceae,Symphyotrichum,concolor,1,1
Asteraceae,Symphyotrichum,dumosum,1,1
Araceae,Syngonium,podophyllum,1,0
Myrtaceae,Syzygium ,cumini,1,0
Myrtaceae,Syzygium ,samarangense,0,0
Bignoniaceae,Tabebuia,aurea,1,0
Bignoniaceae,Tabebuia,heterophylla,1,0
Fabaceae,Tamarindus,indica,1,0
Combretaceae,Terminalia,catappa,1,0
Combretaceae,Terminalia [Bucida],molinetti,1,1
Thelypteridaceae,Thelypteris,sclerophylla,1,1
Arecaceae,Thrinax,radiata,1,1
Melastomataceae,Tibouchina,cv 'Jules',0,0
Bromeliaceae,Tillandsia,balbisiana,1,1
Bromeliaceae,Tillandsia,fasciculata,1,1
Bromeliaceae,Tillandsia,recurvata,1,1
Bromeliaceae,Tillandsia,utriculata,1,1
Asteraceae,Tithonia,diversifolia,1,0
Linderniaceae,Torenia [Linderna],crustacea,1,0
Anacardiaceae,Toxicodendron,radicans,1,1
Commelinaceae,Tradescantia,pallida,1,0
Commelinaceae,Tradescantia,spathacea,1,0
Commelinaceae,Tradescantia,zebrina,1,0
Euphorbiaceae,Tragia,saxicola,1,1
Cannabaceae [Incl. Celtidaceae],Trema,micrantha,1,1
Asteraceae,Tridax,procumbens,1,0
Fabaceae,Trifolium,sp.,1,
Poaceae,Tripsacum,floridanum,1,1
Convolvulaceae,Turbina,corymbosa,1,0
Malvaceae,Urena,lobata,1,0
Poaceae,Urochloa,distachya,1,0
Poaceae,Urochloa,ramosa,1,0
Poaceae,Urochloa [Panicum],maxima,1,0
Orchidaceae,Vanda,coerula x sanderiana,0,0
Orchidaceae,Vanilla,planifolia hybrid,1,0
Orchidaceae,Vanilla/Epidendrum,sp.,,
Arecaceae,Veitchia,arecina,0,0
Verbenaceae,Verbena,incompta,1,0
Plantaginaceae,Veronica,peregrina,1,1
Adoxaceae,Viburnum,awabuki,0,0
Adoxaceae,Viburnum,suspensum,0,0
Fabaceae,Vigna,hosei,1,0
Lamiaceae,Vitex,sp.,,
Lamiaceae,Vitex,glabrata,1,0
Vitaceae,Vitis,rotundifolia,1,1
Vitaceae,Vitis,vinifera,0,0
Arecaceae,Washingtonia,robusta,1,0
Arecaceae,Woodyetia,bifurcata,0,0
Asteraceae,Youngia,japonica,1,0
Agavaceae,Yucca,nr elephantipes,,
Zamiaceae,Zamia,integrifolia [floridana],1,1
Araceae,Zamioculcas,zamiifolia,0,0
Rutaceae,Zanthoxylum,fagara,1,1
Poaceae,Zea,mays,1,0
Amaryllidaceae,Zephyranthes,citrina,1,0
Rhamnaceae,Ziziphus ,joaziero,0,0
Rhamnaceae,Ziziphus ,mauritiana,1,0
Arecaceae,Zombia,antillarum,0,0
Poaceae,Zoysia,matrella,1,0
Poaceae,Zoysia,pacifica,1,0